PRAGMA foreign_keys=OFF;
BEGIN TRANSACTION;
CREATE TABLE IF NOT EXISTS "django_migrations" ("id" integer NOT NULL PRIMARY KEY AUTOINCREMENT, "app" varchar(255) NOT NULL, "name" varchar(255) NOT NULL, "applied" datetime NOT NULL);
INSERT INTO django_migrations VALUES(1,'contenttypes','0001_initial','2026-02-23 22:35:13.987753');
INSERT INTO django_migrations VALUES(2,'contenttypes','0002_remove_content_type_name','2026-02-23 22:35:13.993171');
INSERT INTO django_migrations VALUES(3,'auth','0001_initial','2026-02-23 22:35:14.001268');
INSERT INTO django_migrations VALUES(4,'auth','0002_alter_permission_name_max_length','2026-02-23 22:35:14.005742');
INSERT INTO django_migrations VALUES(5,'auth','0003_alter_user_email_max_length','2026-02-23 22:35:14.009930');
INSERT INTO django_migrations VALUES(6,'auth','0004_alter_user_username_opts','2026-02-23 22:35:14.013363');
INSERT INTO django_migrations VALUES(7,'auth','0005_alter_user_last_login_null','2026-02-23 22:35:14.016685');
INSERT INTO django_migrations VALUES(8,'auth','0006_require_contenttypes_0002','2026-02-23 22:35:14.017791');
INSERT INTO django_migrations VALUES(9,'auth','0007_alter_validators_add_error_messages','2026-02-23 22:35:14.020954');
INSERT INTO django_migrations VALUES(10,'auth','0008_alter_user_username_max_length','2026-02-23 22:35:14.024898');
INSERT INTO django_migrations VALUES(11,'auth','0009_alter_user_last_name_max_length','2026-02-23 22:35:14.028130');
INSERT INTO django_migrations VALUES(12,'auth','0010_alter_group_name_max_length','2026-02-23 22:35:14.033015');
INSERT INTO django_migrations VALUES(13,'auth','0011_update_proxy_permissions','2026-02-23 22:35:14.036149');
INSERT INTO django_migrations VALUES(14,'auth','0012_alter_user_first_name_max_length','2026-02-23 22:35:14.039674');
INSERT INTO django_migrations VALUES(15,'accounts','0001_initial','2026-02-23 22:35:14.050613');
INSERT INTO django_migrations VALUES(16,'admin','0001_initial','2026-02-23 22:35:14.057439');
INSERT INTO django_migrations VALUES(17,'admin','0002_logentry_remove_auto_add','2026-02-23 22:35:14.064858');
INSERT INTO django_migrations VALUES(18,'admin','0003_logentry_add_action_flag_choices','2026-02-23 22:35:14.070134');
INSERT INTO django_migrations VALUES(19,'core','0001_initial','2026-02-23 22:35:14.078368');
INSERT INTO django_migrations VALUES(20,'estimator','0001_initial','2026-02-23 22:35:14.081650');
INSERT INTO django_migrations VALUES(21,'finance','0001_initial','2026-02-23 22:35:14.093554');
INSERT INTO django_migrations VALUES(22,'resources','0001_initial','2026-02-23 22:35:14.115687');
INSERT INTO django_migrations VALUES(23,'finance','0002_initial','2026-02-23 22:35:14.163028');
INSERT INTO django_migrations VALUES(24,'permits','0001_initial','2026-02-23 22:35:14.174567');
INSERT INTO django_migrations VALUES(25,'sessions','0001_initial','2026-02-23 22:35:14.177956');
INSERT INTO django_migrations VALUES(26,'tasks','0001_initial','2026-02-23 22:35:14.212365');
INSERT INTO django_migrations VALUES(27,'token_blacklist','0001_initial','2026-02-23 22:35:14.227076');
INSERT INTO django_migrations VALUES(28,'token_blacklist','0002_outstandingtoken_jti_hex','2026-02-23 22:35:14.235093');
INSERT INTO django_migrations VALUES(29,'token_blacklist','0003_auto_20171017_2007','2026-02-23 22:35:14.271026');
INSERT INTO django_migrations VALUES(30,'token_blacklist','0004_auto_20171017_2013','2026-02-23 22:35:14.280846');
INSERT INTO django_migrations VALUES(31,'token_blacklist','0005_remove_outstandingtoken_jti','2026-02-23 22:35:14.289698');
INSERT INTO django_migrations VALUES(32,'token_blacklist','0006_auto_20171017_2113','2026-02-23 22:35:14.298915');
INSERT INTO django_migrations VALUES(33,'token_blacklist','0007_auto_20171017_2214','2026-02-23 22:35:14.314970');
INSERT INTO django_migrations VALUES(34,'token_blacklist','0008_migrate_to_bigautofield','2026-02-23 22:35:14.329109');
INSERT INTO django_migrations VALUES(35,'token_blacklist','0010_fix_migrate_to_bigautofield','2026-02-23 22:35:14.345453');
INSERT INTO django_migrations VALUES(36,'token_blacklist','0011_linearizes_history','2026-02-23 22:35:14.346551');
INSERT INTO django_migrations VALUES(37,'token_blacklist','0012_alter_outstandingtoken_user','2026-02-23 22:35:14.352998');
CREATE TABLE IF NOT EXISTS "django_content_type" ("id" integer NOT NULL PRIMARY KEY AUTOINCREMENT, "app_label" varchar(100) NOT NULL, "model" varchar(100) NOT NULL);
INSERT INTO django_content_type VALUES(1,'admin','logentry');
INSERT INTO django_content_type VALUES(2,'auth','permission');
INSERT INTO django_content_type VALUES(3,'auth','group');
INSERT INTO django_content_type VALUES(4,'contenttypes','contenttype');
INSERT INTO django_content_type VALUES(5,'sessions','session');
INSERT INTO django_content_type VALUES(6,'token_blacklist','blacklistedtoken');
INSERT INTO django_content_type VALUES(7,'token_blacklist','outstandingtoken');
INSERT INTO django_content_type VALUES(8,'accounts','user');
INSERT INTO django_content_type VALUES(9,'accounts','profile');
INSERT INTO django_content_type VALUES(10,'core','constructionphase');
INSERT INTO django_content_type VALUES(11,'core','floor');
INSERT INTO django_content_type VALUES(12,'core','houseproject');
INSERT INTO django_content_type VALUES(13,'core','room');
INSERT INTO django_content_type VALUES(14,'tasks','task');
INSERT INTO django_content_type VALUES(15,'tasks','taskupdate');
INSERT INTO django_content_type VALUES(16,'tasks','taskmedia');
INSERT INTO django_content_type VALUES(17,'finance','budgetcategory');
INSERT INTO django_content_type VALUES(18,'finance','expense');
INSERT INTO django_content_type VALUES(19,'finance','fundingsource');
INSERT INTO django_content_type VALUES(20,'finance','payment');
INSERT INTO django_content_type VALUES(21,'finance','fundingtransaction');
INSERT INTO django_content_type VALUES(22,'resources','contractor');
INSERT INTO django_content_type VALUES(23,'resources','document');
INSERT INTO django_content_type VALUES(24,'resources','material');
INSERT INTO django_content_type VALUES(25,'resources','supplier');
INSERT INTO django_content_type VALUES(26,'resources','materialtransaction');
INSERT INTO django_content_type VALUES(27,'estimator','constructionrate');
INSERT INTO django_content_type VALUES(28,'permits','legaldocument');
INSERT INTO django_content_type VALUES(29,'permits','permitstep');
CREATE TABLE IF NOT EXISTS "auth_group_permissions" ("id" integer NOT NULL PRIMARY KEY AUTOINCREMENT, "group_id" integer NOT NULL REFERENCES "auth_group" ("id") DEFERRABLE INITIALLY DEFERRED, "permission_id" integer NOT NULL REFERENCES "auth_permission" ("id") DEFERRABLE INITIALLY DEFERRED);
CREATE TABLE IF NOT EXISTS "auth_permission" ("id" integer NOT NULL PRIMARY KEY AUTOINCREMENT, "content_type_id" integer NOT NULL REFERENCES "django_content_type" ("id") DEFERRABLE INITIALLY DEFERRED, "codename" varchar(100) NOT NULL, "name" varchar(255) NOT NULL);
INSERT INTO auth_permission VALUES(1,1,'add_logentry','Can add log entry');
INSERT INTO auth_permission VALUES(2,1,'change_logentry','Can change log entry');
INSERT INTO auth_permission VALUES(3,1,'delete_logentry','Can delete log entry');
INSERT INTO auth_permission VALUES(4,1,'view_logentry','Can view log entry');
INSERT INTO auth_permission VALUES(5,2,'add_permission','Can add permission');
INSERT INTO auth_permission VALUES(6,2,'change_permission','Can change permission');
INSERT INTO auth_permission VALUES(7,2,'delete_permission','Can delete permission');
INSERT INTO auth_permission VALUES(8,2,'view_permission','Can view permission');
INSERT INTO auth_permission VALUES(9,3,'add_group','Can add group');
INSERT INTO auth_permission VALUES(10,3,'change_group','Can change group');
INSERT INTO auth_permission VALUES(11,3,'delete_group','Can delete group');
INSERT INTO auth_permission VALUES(12,3,'view_group','Can view group');
INSERT INTO auth_permission VALUES(13,4,'add_contenttype','Can add content type');
INSERT INTO auth_permission VALUES(14,4,'change_contenttype','Can change content type');
INSERT INTO auth_permission VALUES(15,4,'delete_contenttype','Can delete content type');
INSERT INTO auth_permission VALUES(16,4,'view_contenttype','Can view content type');
INSERT INTO auth_permission VALUES(17,5,'add_session','Can add session');
INSERT INTO auth_permission VALUES(18,5,'change_session','Can change session');
INSERT INTO auth_permission VALUES(19,5,'delete_session','Can delete session');
INSERT INTO auth_permission VALUES(20,5,'view_session','Can view session');
INSERT INTO auth_permission VALUES(21,6,'add_blacklistedtoken','Can add blacklisted token');
INSERT INTO auth_permission VALUES(22,6,'change_blacklistedtoken','Can change blacklisted token');
INSERT INTO auth_permission VALUES(23,6,'delete_blacklistedtoken','Can delete blacklisted token');
INSERT INTO auth_permission VALUES(24,6,'view_blacklistedtoken','Can view blacklisted token');
INSERT INTO auth_permission VALUES(25,7,'add_outstandingtoken','Can add outstanding token');
INSERT INTO auth_permission VALUES(26,7,'change_outstandingtoken','Can change outstanding token');
INSERT INTO auth_permission VALUES(27,7,'delete_outstandingtoken','Can delete outstanding token');
INSERT INTO auth_permission VALUES(28,7,'view_outstandingtoken','Can view outstanding token');
INSERT INTO auth_permission VALUES(29,8,'add_user','Can add user');
INSERT INTO auth_permission VALUES(30,8,'change_user','Can change user');
INSERT INTO auth_permission VALUES(31,8,'delete_user','Can delete user');
INSERT INTO auth_permission VALUES(32,8,'view_user','Can view user');
INSERT INTO auth_permission VALUES(33,9,'add_profile','Can add profile');
INSERT INTO auth_permission VALUES(34,9,'change_profile','Can change profile');
INSERT INTO auth_permission VALUES(35,9,'delete_profile','Can delete profile');
INSERT INTO auth_permission VALUES(36,9,'view_profile','Can view profile');
INSERT INTO auth_permission VALUES(37,10,'add_constructionphase','Can add construction phase');
INSERT INTO auth_permission VALUES(38,10,'change_constructionphase','Can change construction phase');
INSERT INTO auth_permission VALUES(39,10,'delete_constructionphase','Can delete construction phase');
INSERT INTO auth_permission VALUES(40,10,'view_constructionphase','Can view construction phase');
INSERT INTO auth_permission VALUES(41,11,'add_floor','Can add floor');
INSERT INTO auth_permission VALUES(42,11,'change_floor','Can change floor');
INSERT INTO auth_permission VALUES(43,11,'delete_floor','Can delete floor');
INSERT INTO auth_permission VALUES(44,11,'view_floor','Can view floor');
INSERT INTO auth_permission VALUES(45,12,'add_houseproject','Can add House Project Configuration');
INSERT INTO auth_permission VALUES(46,12,'change_houseproject','Can change House Project Configuration');
INSERT INTO auth_permission VALUES(47,12,'delete_houseproject','Can delete House Project Configuration');
INSERT INTO auth_permission VALUES(48,12,'view_houseproject','Can view House Project Configuration');
INSERT INTO auth_permission VALUES(49,13,'add_room','Can add room');
INSERT INTO auth_permission VALUES(50,13,'change_room','Can change room');
INSERT INTO auth_permission VALUES(51,13,'delete_room','Can delete room');
INSERT INTO auth_permission VALUES(52,13,'view_room','Can view room');
INSERT INTO auth_permission VALUES(53,14,'add_task','Can add task');
INSERT INTO auth_permission VALUES(54,14,'change_task','Can change task');
INSERT INTO auth_permission VALUES(55,14,'delete_task','Can delete task');
INSERT INTO auth_permission VALUES(56,14,'view_task','Can view task');
INSERT INTO auth_permission VALUES(57,15,'add_taskupdate','Can add task update');
INSERT INTO auth_permission VALUES(58,15,'change_taskupdate','Can change task update');
INSERT INTO auth_permission VALUES(59,15,'delete_taskupdate','Can delete task update');
INSERT INTO auth_permission VALUES(60,15,'view_taskupdate','Can view task update');
INSERT INTO auth_permission VALUES(61,16,'add_taskmedia','Can add task media');
INSERT INTO auth_permission VALUES(62,16,'change_taskmedia','Can change task media');
INSERT INTO auth_permission VALUES(63,16,'delete_taskmedia','Can delete task media');
INSERT INTO auth_permission VALUES(64,16,'view_taskmedia','Can view task media');
INSERT INTO auth_permission VALUES(65,17,'add_budgetcategory','Can add budget category');
INSERT INTO auth_permission VALUES(66,17,'change_budgetcategory','Can change budget category');
INSERT INTO auth_permission VALUES(67,17,'delete_budgetcategory','Can delete budget category');
INSERT INTO auth_permission VALUES(68,17,'view_budgetcategory','Can view budget category');
INSERT INTO auth_permission VALUES(69,18,'add_expense','Can add expense');
INSERT INTO auth_permission VALUES(70,18,'change_expense','Can change expense');
INSERT INTO auth_permission VALUES(71,18,'delete_expense','Can delete expense');
INSERT INTO auth_permission VALUES(72,18,'view_expense','Can view expense');
INSERT INTO auth_permission VALUES(73,19,'add_fundingsource','Can add funding source');
INSERT INTO auth_permission VALUES(74,19,'change_fundingsource','Can change funding source');
INSERT INTO auth_permission VALUES(75,19,'delete_fundingsource','Can delete funding source');
INSERT INTO auth_permission VALUES(76,19,'view_fundingsource','Can view funding source');
INSERT INTO auth_permission VALUES(77,20,'add_payment','Can add payment');
INSERT INTO auth_permission VALUES(78,20,'change_payment','Can change payment');
INSERT INTO auth_permission VALUES(79,20,'delete_payment','Can delete payment');
INSERT INTO auth_permission VALUES(80,20,'view_payment','Can view payment');
INSERT INTO auth_permission VALUES(81,21,'add_fundingtransaction','Can add funding transaction');
INSERT INTO auth_permission VALUES(82,21,'change_fundingtransaction','Can change funding transaction');
INSERT INTO auth_permission VALUES(83,21,'delete_fundingtransaction','Can delete funding transaction');
INSERT INTO auth_permission VALUES(84,21,'view_fundingtransaction','Can view funding transaction');
INSERT INTO auth_permission VALUES(85,22,'add_contractor','Can add contractor');
INSERT INTO auth_permission VALUES(86,22,'change_contractor','Can change contractor');
INSERT INTO auth_permission VALUES(87,22,'delete_contractor','Can delete contractor');
INSERT INTO auth_permission VALUES(88,22,'view_contractor','Can view contractor');
INSERT INTO auth_permission VALUES(89,23,'add_document','Can add document');
INSERT INTO auth_permission VALUES(90,23,'change_document','Can change document');
INSERT INTO auth_permission VALUES(91,23,'delete_document','Can delete document');
INSERT INTO auth_permission VALUES(92,23,'view_document','Can view document');
INSERT INTO auth_permission VALUES(93,24,'add_material','Can add material');
INSERT INTO auth_permission VALUES(94,24,'change_material','Can change material');
INSERT INTO auth_permission VALUES(95,24,'delete_material','Can delete material');
INSERT INTO auth_permission VALUES(96,24,'view_material','Can view material');
INSERT INTO auth_permission VALUES(97,25,'add_supplier','Can add supplier');
INSERT INTO auth_permission VALUES(98,25,'change_supplier','Can change supplier');
INSERT INTO auth_permission VALUES(99,25,'delete_supplier','Can delete supplier');
INSERT INTO auth_permission VALUES(100,25,'view_supplier','Can view supplier');
INSERT INTO auth_permission VALUES(101,26,'add_materialtransaction','Can add material transaction');
INSERT INTO auth_permission VALUES(102,26,'change_materialtransaction','Can change material transaction');
INSERT INTO auth_permission VALUES(103,26,'delete_materialtransaction','Can delete material transaction');
INSERT INTO auth_permission VALUES(104,26,'view_materialtransaction','Can view material transaction');
INSERT INTO auth_permission VALUES(105,27,'add_constructionrate','Can add construction rate');
INSERT INTO auth_permission VALUES(106,27,'change_constructionrate','Can change construction rate');
INSERT INTO auth_permission VALUES(107,27,'delete_constructionrate','Can delete construction rate');
INSERT INTO auth_permission VALUES(108,27,'view_constructionrate','Can view construction rate');
INSERT INTO auth_permission VALUES(109,28,'add_legaldocument','Can add legal document');
INSERT INTO auth_permission VALUES(110,28,'change_legaldocument','Can change legal document');
INSERT INTO auth_permission VALUES(111,28,'delete_legaldocument','Can delete legal document');
INSERT INTO auth_permission VALUES(112,28,'view_legaldocument','Can view legal document');
INSERT INTO auth_permission VALUES(113,29,'add_permitstep','Can add permit step');
INSERT INTO auth_permission VALUES(114,29,'change_permitstep','Can change permit step');
INSERT INTO auth_permission VALUES(115,29,'delete_permitstep','Can delete permit step');
INSERT INTO auth_permission VALUES(116,29,'view_permitstep','Can view permit step');
CREATE TABLE IF NOT EXISTS "auth_group" ("id" integer NOT NULL PRIMARY KEY AUTOINCREMENT, "name" varchar(150) NOT NULL UNIQUE);
CREATE TABLE IF NOT EXISTS "accounts_user" ("id" integer NOT NULL PRIMARY KEY AUTOINCREMENT, "password" varchar(128) NOT NULL, "last_login" datetime NULL, "is_superuser" bool NOT NULL, "username" varchar(150) NOT NULL UNIQUE, "first_name" varchar(150) NOT NULL, "last_name" varchar(150) NOT NULL, "is_staff" bool NOT NULL, "is_active" bool NOT NULL, "date_joined" datetime NOT NULL, "email" varchar(254) NOT NULL UNIQUE, "role" varchar(50) NOT NULL);
INSERT INTO accounts_user VALUES(1,'pbkdf2_sha256$600000$8ywNnrupeRFHW2xqIKDFij$m0lQBelwi1DmiP9ORdlws8nfJ038NKVRHP6WryTI8BY=',NULL,1,'admin','','',1,1,'2026-02-23 22:35:23.983219','admin@example.com','ADMIN');
INSERT INTO accounts_user VALUES(2,'pbkdf2_sha256$600000$MajHcuzgyCllH1PyjLLdUC$egLLRgm0mbjkGKWRgW/ekVx1tlSDg8ZHl3Yl44esFWg=',NULL,0,'testuser','','',0,1,'2026-02-23 22:36:21.861914','test@example.com','WORKER');
INSERT INTO accounts_user VALUES(3,'pbkdf2_sha256$600000$VCELvAZOwfAwt8zD94GFsi$ceVoxbQe8JVR2nZyHLbVgV3UIrOPqUOlibo8m+A/jZQ=','2026-02-24 21:58:35.648943',1,'jitu','jitendra','khadka',1,1,'2026-02-24 21:58:09.832429','jitu@gmail.com','ADMIN');
CREATE TABLE IF NOT EXISTS "accounts_user_groups" ("id" integer NOT NULL PRIMARY KEY AUTOINCREMENT, "user_id" bigint NOT NULL REFERENCES "accounts_user" ("id") DEFERRABLE INITIALLY DEFERRED, "group_id" integer NOT NULL REFERENCES "auth_group" ("id") DEFERRABLE INITIALLY DEFERRED);
CREATE TABLE IF NOT EXISTS "accounts_user_user_permissions" ("id" integer NOT NULL PRIMARY KEY AUTOINCREMENT, "user_id" bigint NOT NULL REFERENCES "accounts_user" ("id") DEFERRABLE INITIALLY DEFERRED, "permission_id" integer NOT NULL REFERENCES "auth_permission" ("id") DEFERRABLE INITIALLY DEFERRED);
CREATE TABLE IF NOT EXISTS "accounts_profile" ("id" integer NOT NULL PRIMARY KEY AUTOINCREMENT, "bio" text NOT NULL, "avatar" varchar(100) NULL, "phone_number" varchar(20) NOT NULL, "address" text NOT NULL, "preferred_language" varchar(10) NOT NULL, "notifications_enabled" bool NOT NULL, "user_id" bigint NOT NULL UNIQUE REFERENCES "accounts_user" ("id") DEFERRABLE INITIALLY DEFERRED);
INSERT INTO accounts_profile VALUES(1,'','','','','en',1,1);
INSERT INTO accounts_profile VALUES(2,'','','','','en',1,2);
INSERT INTO accounts_profile VALUES(3,'','avatars/Copilot_20250601_220345.png','86853535353','Nepal','np',1,3);
CREATE TABLE IF NOT EXISTS "django_admin_log" ("id" integer NOT NULL PRIMARY KEY AUTOINCREMENT, "object_id" text NULL, "object_repr" varchar(200) NOT NULL, "action_flag" smallint unsigned NOT NULL CHECK ("action_flag" >= 0), "change_message" text NOT NULL, "content_type_id" integer NULL REFERENCES "django_content_type" ("id") DEFERRABLE INITIALLY DEFERRED, "user_id" bigint NOT NULL REFERENCES "accounts_user" ("id") DEFERRABLE INITIALLY DEFERRED, "action_time" datetime NOT NULL);
INSERT INTO django_admin_log VALUES(1,'3','jitu''s Profile',2,'[{"changed": {"fields": ["Avatar"]}}]',9,3,'2026-02-24 22:01:50.410807');
CREATE TABLE IF NOT EXISTS "core_constructionphase" ("id" integer NOT NULL PRIMARY KEY AUTOINCREMENT, "name" varchar(100) NOT NULL UNIQUE, "start_date" date NULL, "end_date" date NULL, "status" varchar(20) NOT NULL, "order" integer unsigned NOT NULL CHECK ("order" >= 0), "description" text NOT NULL, "estimated_budget" decimal NOT NULL, "permit_required" bool NOT NULL, "permit_status" varchar(20) NOT NULL, "permit_date_issued" date NULL, "permit_notes" text NOT NULL, "naksa_file" varchar(100) NULL, "structure_design" varchar(100) NULL, "completion_photo" varchar(100) NULL);
INSERT INTO core_constructionphase VALUES(1,'Land Prep & Excavation (जग खन्ने)',NULL,NULL,'COMPLETED',1,'',800000,0,'NOT_REQUIRED',NULL,'','','','');
INSERT INTO core_constructionphase VALUES(2,'Foundation & DPC (जग र डी.पी.सी)',NULL,NULL,'COMPLETED',2,'',1500000,0,'NOT_REQUIRED',NULL,'','','','');
INSERT INTO core_constructionphase VALUES(3,'Ground Floor Pillars (पिलर ठड्याउने)',NULL,NULL,'IN_PROGRESS',3,'',1200000,0,'NOT_REQUIRED',NULL,'','','','');
INSERT INTO core_constructionphase VALUES(4,'Brickwork & Lintel (गारो र लिन्टेल)',NULL,NULL,'PENDING',4,'',1000000,0,'NOT_REQUIRED',NULL,'','','','');
INSERT INTO core_constructionphase VALUES(5,'First Floor Slab (ढलान)',NULL,NULL,'PENDING',5,'',1800000,0,'NOT_REQUIRED',NULL,'','','','');
INSERT INTO core_constructionphase VALUES(6,'Plaster & Finishing (प्लास्टर र फिनिसिङ)',NULL,NULL,'PENDING',6,'',4000000,0,'NOT_REQUIRED',NULL,'','','','');
CREATE TABLE IF NOT EXISTS "core_floor" ("id" integer NOT NULL PRIMARY KEY AUTOINCREMENT, "name" varchar(100) NOT NULL, "level" integer NOT NULL, "image" varchar(100) NULL, "created_at" datetime NOT NULL, "updated_at" datetime NOT NULL);
INSERT INTO core_floor VALUES(1,'Ground Floor (भुइँ तल्ला)',0,'','2026-02-23 22:35:24.834527','2026-02-23 22:35:24.834543');
INSERT INTO core_floor VALUES(2,'First Floor (पहिलो तल्ला)',1,'','2026-02-23 22:35:24.835345','2026-02-23 22:35:24.835362');
INSERT INTO core_floor VALUES(3,'Second Floor / Roof (दोस्रो तल्ला)',2,'','2026-02-23 22:35:24.836027','2026-02-23 22:35:24.836043');
CREATE TABLE IF NOT EXISTS "core_houseproject" ("id" integer NOT NULL PRIMARY KEY AUTOINCREMENT, "name" varchar(200) NOT NULL, "owner_name" varchar(100) NOT NULL, "address" text NOT NULL, "total_budget" decimal NOT NULL, "start_date" date NOT NULL, "expected_completion_date" date NOT NULL, "area_sqft" integer NOT NULL, "created_at" datetime NOT NULL, "updated_at" datetime NOT NULL);
INSERT INTO core_houseproject VALUES(1,'Adarsha Niwas (आदर्श निवास)','Jitendra Khadka','Budhanilkantha, Kathmandu',15000000,'2025-12-01','2027-06-30',2400,'2026-02-23 22:35:24.828751','2026-02-23 22:35:24.828768');
CREATE TABLE IF NOT EXISTS "core_room" ("id" integer NOT NULL PRIMARY KEY AUTOINCREMENT, "name" varchar(100) NOT NULL, "area_sqft" decimal NULL, "status" varchar(20) NOT NULL, "budget_allocation" decimal NOT NULL, "floor_id" bigint NOT NULL REFERENCES "core_floor" ("id") DEFERRABLE INITIALLY DEFERRED);
INSERT INTO core_room VALUES(1,'Baithak (Sitting Room)',NULL,'IN_PROGRESS',0,1);
INSERT INTO core_room VALUES(2,'Kitchen (भान्छा)',NULL,'NOT_STARTED',0,1);
INSERT INTO core_room VALUES(3,'Master Bed',NULL,'NOT_STARTED',0,2);
CREATE TABLE IF NOT EXISTS "estimator_constructionrate" ("id" integer NOT NULL PRIMARY KEY AUTOINCREMENT, "key" varchar(50) NOT NULL UNIQUE, "label" varchar(100) NOT NULL, "value" decimal NOT NULL, "unit" varchar(20) NOT NULL, "category" varchar(20) NOT NULL, "updated_at" datetime NOT NULL);
INSERT INTO estimator_constructionrate VALUES(1,'CEMENT','Cement (OPC/PPC)',750,'Bag','MATERIAL','2026-02-23 22:35:25.223155');
INSERT INTO estimator_constructionrate VALUES(2,'SAND','River Sand (Baluwa)',90,'Cft','MATERIAL','2026-02-23 22:35:25.225162');
INSERT INTO estimator_constructionrate VALUES(3,'AGGREGATE','Aggregates (Gitti)',105,'Cft','MATERIAL','2026-02-23 22:35:25.226437');
INSERT INTO estimator_constructionrate VALUES(4,'BRICK','Bricks (First Class)',17.5,'Pcs','MATERIAL','2026-02-23 22:35:25.227588');
INSERT INTO estimator_constructionrate VALUES(5,'ROD','Steel Rod (TMT)',102,'Kg','MATERIAL','2026-02-23 22:35:25.228697');
INSERT INTO estimator_constructionrate VALUES(6,'LABOR_CIVIL','Civil Work Labor',480,'Sq.Ft','LABOR','2026-02-23 22:35:25.229767');
INSERT INTO estimator_constructionrate VALUES(7,'LABOR_MEP','MEP (Fitting) Labor',180,'Sq.Ft','LABOR','2026-02-23 22:35:25.231022');
INSERT INTO estimator_constructionrate VALUES(8,'LABOR_FINISH','Finishing Labor',250,'Sq.Ft','LABOR','2026-02-23 22:35:25.232277');
INSERT INTO estimator_constructionrate VALUES(9,'PAINT_SQFT','Painting Material',45,'Sq.Ft','MATERIAL','2026-02-23 22:35:25.233540');
INSERT INTO estimator_constructionrate VALUES(10,'TILE_SQFT','Tiling Material',180,'Sq.Ft','MATERIAL','2026-02-23 22:35:25.234993');
CREATE TABLE IF NOT EXISTS "finance_budgetcategory" ("id" integer NOT NULL PRIMARY KEY AUTOINCREMENT, "name" varchar(100) NOT NULL, "description" text NOT NULL, "allocation" decimal NOT NULL);
INSERT INTO finance_budgetcategory VALUES(2,'Civil Works & Structure (जग र संरचना)','Foundation, Pillars, Beams, Slabs, Bricks, Cement, Sand, Aggregates',7500000);
INSERT INTO finance_budgetcategory VALUES(3,'Finishing & Interior (फिनिसिङ)','Tiles, Marble, Asian Paints, Woodwork, UPVC, Putty',4000000);
INSERT INTO finance_budgetcategory VALUES(4,'MEP: Electrical & Plumbing (बिजुली र प्लम्बिङ)','Wiring, PPR/CPVC Piping, Sanitary items',1500000);
INSERT INTO finance_budgetcategory VALUES(5,'Labor & Wages (ज्यामी र मिस्त्री खर्च)','Mistry and Labor wages for all phases',1500000);
INSERT INTO finance_budgetcategory VALUES(6,'Consulting & Permits (नक्सा र अनुमति)','Map approval, Engineering fees, Structural audit',500000);
CREATE TABLE IF NOT EXISTS "finance_expense" ("id" integer NOT NULL PRIMARY KEY AUTOINCREMENT, "title" varchar(200) NOT NULL, "amount" decimal NOT NULL, "expense_type" varchar(20) NOT NULL, "quantity" decimal NULL, "unit_price" decimal NULL, "date" date NOT NULL, "paid_to" varchar(200) NOT NULL, "is_paid" bool NOT NULL, "notes" text NOT NULL, "created_at" datetime NOT NULL, "category_id" bigint NULL REFERENCES "finance_budgetcategory" ("id") DEFERRABLE INITIALLY DEFERRED, "contractor_id" bigint NULL REFERENCES "resources_contractor" ("id") DEFERRABLE INITIALLY DEFERRED, "funding_source_id" bigint NULL REFERENCES "finance_fundingsource" ("id") DEFERRABLE INITIALLY DEFERRED, "material_id" bigint NULL REFERENCES "resources_material" ("id") DEFERRABLE INITIALLY DEFERRED, "phase_id" bigint NULL REFERENCES "core_constructionphase" ("id") DEFERRABLE INITIALLY DEFERRED, "receipt_id" bigint NULL REFERENCES "resources_document" ("id") DEFERRABLE INITIALLY DEFERRED, "supplier_id" bigint NULL REFERENCES "resources_supplier" ("id") DEFERRABLE INITIALLY DEFERRED);
INSERT INTO finance_expense VALUES(2,'Purchase: 1000 Bora (Sack) OPC Cement (Arghakhanchi/अर्घाखाँची)',780000,'MATERIAL',1000,780,'2026-01-29','Sherpa Material Suppliers (शेर्पा निर्माण सामग्री)',1,'Auto-generated from Material Transaction','2026-02-23 22:35:24.853566',2,NULL,2,1,NULL,NULL,1);
INSERT INTO finance_expense VALUES(3,'Purchase: 8000 Kilograms (Kg) TMT Rebar (Panchakanya/पञ्चकन्या)',840000,'MATERIAL',8000,105,'2026-01-29','Panchakanya Steel Center (पञ्चकन्या स्टिल)',1,'Auto-generated from Material Transaction','2026-02-23 22:35:24.859368',2,NULL,2,2,NULL,NULL,2);
INSERT INTO finance_expense VALUES(4,'Purchase: 30000 Pieces Bricks (नम्बर १ इँटा)',555000,'MATERIAL',30000,18.5,'2026-01-29','Om Brick Udhyog (ओम इँटा उद्योग)',1,'Auto-generated from Material Transaction','2026-02-23 22:35:24.864252',2,NULL,3,3,NULL,NULL,5);
INSERT INTO finance_expense VALUES(5,'Master Mistry: Contract Installment 1',250000,'LABOR',NULL,NULL,'2026-02-08','Ram Bahadur (Master Mistry)',1,'','2026-02-23 22:35:24.869450',5,1,2,NULL,NULL,NULL,NULL);
INSERT INTO finance_expense VALUES(6,'Municipal Map Approval Fees',180000,'FEES',NULL,NULL,'2026-02-08','Kathmandu Metropolitan City',1,'','2026-02-23 22:35:24.872899',6,NULL,3,NULL,NULL,NULL,NULL);
CREATE TABLE IF NOT EXISTS "finance_fundingsource" ("id" integer NOT NULL PRIMARY KEY AUTOINCREMENT, "name" varchar(200) NOT NULL, "source_type" varchar(20) NOT NULL, "amount" decimal NOT NULL, "current_balance" decimal NOT NULL, "default_payment_method" varchar(20) NOT NULL, "interest_rate" decimal NOT NULL, "received_date" date NOT NULL, "notes" text NOT NULL, "created_at" datetime NOT NULL, "updated_at" datetime NOT NULL);
INSERT INTO finance_fundingsource VALUES(2,'Nabil Bank Home Loan (नबिल बैंक)','LOAN',10000000,8130000,'BANK_TRANSFER',0,'2026-01-01','','2026-02-23 22:35:24.850495','2026-02-23 22:35:24.871592');
INSERT INTO finance_fundingsource VALUES(3,'Personal Savings (व्यक्तिगत बचत)','OWN_MONEY',5000000,4265000,'CASH',0,'2025-12-01','','2026-02-23 22:35:24.851994','2026-02-23 22:35:24.874795');
CREATE TABLE IF NOT EXISTS "finance_payment" ("id" integer NOT NULL PRIMARY KEY AUTOINCREMENT, "amount" decimal NOT NULL, "date" date NOT NULL, "method" varchar(20) NOT NULL, "reference_id" varchar(100) NOT NULL, "expense_id" bigint NOT NULL REFERENCES "finance_expense" ("id") DEFERRABLE INITIALLY DEFERRED, "funding_source_id" bigint NULL REFERENCES "finance_fundingsource" ("id") DEFERRABLE INITIALLY DEFERRED);
INSERT INTO finance_payment VALUES(2,780000,'2026-01-29','BANK_TRANSFER','IPS-1543',2,NULL);
INSERT INTO finance_payment VALUES(3,840000,'2026-01-29','BANK_TRANSFER','IPS-2826',3,NULL);
INSERT INTO finance_payment VALUES(4,555000,'2026-01-29','CASH','IPS-3235',4,NULL);
INSERT INTO finance_payment VALUES(5,250000,'2026-02-08','BANK_TRANSFER','REF-FIN',5,NULL);
INSERT INTO finance_payment VALUES(6,180000,'2026-02-08','CASH','REF-FIN',6,NULL);
CREATE TABLE IF NOT EXISTS "finance_fundingtransaction" ("id" integer NOT NULL PRIMARY KEY AUTOINCREMENT, "amount" decimal NOT NULL, "transaction_type" varchar(10) NOT NULL, "date" date NOT NULL, "description" varchar(255) NOT NULL, "created_at" datetime NOT NULL, "funding_source_id" bigint NOT NULL REFERENCES "finance_fundingsource" ("id") DEFERRABLE INITIALLY DEFERRED, "payment_id" bigint NULL REFERENCES "finance_payment" ("id") DEFERRABLE INITIALLY DEFERRED);
INSERT INTO finance_fundingtransaction VALUES(4,10000000,'CREDIT','2026-01-01','Initial Funding Allocation','2026-02-23 22:35:24.851278',2,NULL);
INSERT INTO finance_fundingtransaction VALUES(5,5000000,'CREDIT','2025-12-01','Initial Funding Allocation','2026-02-23 22:35:24.852647',3,NULL);
INSERT INTO finance_fundingtransaction VALUES(6,780000,'DEBIT','2026-01-29','Payment for: Purchase: 1000 Bora (Sack) OPC Cement (Arghakhanchi/अर्घाखाँची)','2026-02-23 22:35:24.857209',2,2);
INSERT INTO finance_fundingtransaction VALUES(7,840000,'DEBIT','2026-01-29','Payment for: Purchase: 8000 Kilograms (Kg) TMT Rebar (Panchakanya/पञ्चकन्या)','2026-02-23 22:35:24.862332',2,3);
INSERT INTO finance_fundingtransaction VALUES(8,555000,'DEBIT','2026-01-29','Payment for: Purchase: 30000 Pieces Bricks (नम्बर १ इँटा)','2026-02-23 22:35:24.867533',3,4);
INSERT INTO finance_fundingtransaction VALUES(9,250000,'DEBIT','2026-02-08','Payment for: Master Mistry: Contract Installment 1','2026-02-23 22:35:24.870794',2,5);
INSERT INTO finance_fundingtransaction VALUES(10,180000,'DEBIT','2026-02-08','Payment for: Municipal Map Approval Fees','2026-02-23 22:35:24.874278',3,6);
CREATE TABLE IF NOT EXISTS "resources_contractor" ("id" integer NOT NULL PRIMARY KEY AUTOINCREMENT, "name" varchar(100) NOT NULL, "role" varchar(20) NOT NULL, "phone" varchar(20) NOT NULL, "email" varchar(254) NOT NULL, "address" text NOT NULL, "citizenship_number" varchar(50) NOT NULL, "bank_details" text NOT NULL, "skills" text NOT NULL, "rate" decimal NULL, "is_active" bool NOT NULL, "joined_date" date NOT NULL);
INSERT INTO resources_contractor VALUES(1,'Ram Bahadur (Master Mistry)','MISTRI','9812345678','','','','','Masonry, Structure',NULL,1,'2026-02-23');
INSERT INTO resources_contractor VALUES(2,'Krishna & Sons Plumbing','PLUMBER','9808887776','','','','','PPR/CPVC',NULL,1,'2026-02-23');
CREATE TABLE IF NOT EXISTS "resources_document" ("id" integer NOT NULL PRIMARY KEY AUTOINCREMENT, "title" varchar(200) NOT NULL, "file" varchar(100) NOT NULL, "document_type" varchar(20) NOT NULL, "uploaded_at" datetime NOT NULL, "description" text NOT NULL);
CREATE TABLE IF NOT EXISTS "resources_material" ("id" integer NOT NULL PRIMARY KEY AUTOINCREMENT, "name" varchar(100) NOT NULL, "category" varchar(50) NOT NULL, "unit" varchar(10) NOT NULL, "image" varchar(100) NULL, "quantity_estimated" decimal NOT NULL, "quantity_purchased" decimal NOT NULL, "quantity_used" decimal NOT NULL, "current_stock" decimal NOT NULL, "min_stock_level" decimal NOT NULL, "avg_cost_per_unit" decimal NULL, "budget_category_id" bigint NULL REFERENCES "finance_budgetcategory" ("id") DEFERRABLE INITIALLY DEFERRED, "supplier_id" bigint NULL REFERENCES "resources_supplier" ("id") DEFERRABLE INITIALLY DEFERRED);
INSERT INTO resources_material VALUES(1,'OPC Cement (Arghakhanchi/अर्घाखाँची)','Civil','BORA','',1500,1000,600,400,50,780,2,NULL);
INSERT INTO resources_material VALUES(2,'TMT Rebar (Panchakanya/पञ्चकन्या)','Steel','KG','',10000,8000,5000,3000,500,105,2,NULL);
INSERT INTO resources_material VALUES(3,'Bricks (नम्बर १ इँटा)','Civil','PCS','',50000,30000,0,30000,5000,18.5,2,NULL);
INSERT INTO resources_material VALUES(4,'PPR Pipe (20mm Mangalam)','Plumbing','PCS','',200,0,0,0,20,NULL,4,NULL);
CREATE TABLE IF NOT EXISTS "resources_supplier" ("id" integer NOT NULL PRIMARY KEY AUTOINCREMENT, "name" varchar(200) NOT NULL, "contact_person" varchar(100) NOT NULL, "phone" varchar(20) NOT NULL, "email" varchar(254) NOT NULL, "address" text NOT NULL, "category" varchar(100) NOT NULL, "pan_number" varchar(20) NOT NULL, "bank_name" varchar(100) NOT NULL, "account_number" varchar(50) NOT NULL, "branch" varchar(100) NOT NULL, "is_active" bool NOT NULL, "created_at" datetime NOT NULL);
INSERT INTO resources_supplier VALUES(1,'Sherpa Material Suppliers (शेर्पा निर्माण सामग्री)','','9851000000','','Bouddha','Civil','','','','',1,'2026-02-23 22:35:24.842500');
INSERT INTO resources_supplier VALUES(2,'Panchakanya Steel Center (पञ्चकन्या स्टिल)','','9801000000','','Teku','Steel','','','','',1,'2026-02-23 22:35:24.843198');
INSERT INTO resources_supplier VALUES(3,'Shine Electricals (शाइन इलेक्ट्रिकल्स)','','9841000000','','Putalisadak','Electrical','','','','',1,'2026-02-23 22:35:24.843818');
INSERT INTO resources_supplier VALUES(4,'Mangalam Hygiene (मङ्गलम हाइजिन)','','9812000000','','Balkhu','Plumbing','','','','',1,'2026-02-23 22:35:24.844422');
INSERT INTO resources_supplier VALUES(5,'Om Brick Udhyog (ओम इँटा उद्योग)','','9851234567','','Bhaktapur','Bricks','','','','',1,'2026-02-23 22:35:24.845094');
INSERT INTO resources_supplier VALUES(6,'National Marble & Granite','','9811223344','','Kalanki','Finishing','','','','',1,'2026-02-23 22:35:24.845783');
CREATE TABLE IF NOT EXISTS "resources_materialtransaction" ("id" integer NOT NULL PRIMARY KEY AUTOINCREMENT, "transaction_type" varchar(10) NOT NULL, "status" varchar(20) NOT NULL, "quantity" decimal NOT NULL, "unit_price" decimal NULL, "date" date NOT NULL, "purpose" varchar(200) NOT NULL, "notes" text NOT NULL, "create_expense" bool NOT NULL, "created_at" datetime NOT NULL, "expense_id" bigint NULL REFERENCES "finance_expense" ("id") DEFERRABLE INITIALLY DEFERRED, "funding_source_id" bigint NULL REFERENCES "finance_fundingsource" ("id") DEFERRABLE INITIALLY DEFERRED, "material_id" bigint NOT NULL REFERENCES "resources_material" ("id") DEFERRABLE INITIALLY DEFERRED, "room_id" bigint NULL REFERENCES "core_room" ("id") DEFERRABLE INITIALLY DEFERRED, "supplier_id" bigint NULL REFERENCES "resources_supplier" ("id") DEFERRABLE INITIALLY DEFERRED);
INSERT INTO resources_materialtransaction VALUES(1,'IN','RECEIVED',1000,780,'2026-01-29','Phase 1 Structure','Foundation & Pillars Bulk Order',1,'2026-02-23 22:35:24.855467',2,2,1,NULL,1);
INSERT INTO resources_materialtransaction VALUES(2,'IN','RECEIVED',8000,105,'2026-01-29','Phase 1 Structure','Structural Steel - All Floors',1,'2026-02-23 22:35:24.861037',3,2,2,NULL,2);
INSERT INTO resources_materialtransaction VALUES(3,'IN','RECEIVED',30000,18.5,'2026-01-29','Phase 1 Structure','Main Structure Bricks',1,'2026-02-23 22:35:24.866225',4,3,3,NULL,5);
INSERT INTO resources_materialtransaction VALUES(4,'OUT','RECEIVED',600,NULL,'2026-02-18','First Floor Casting','Usage verified by supervisor',1,'2026-02-23 22:35:24.876910',NULL,NULL,1,NULL,NULL);
INSERT INTO resources_materialtransaction VALUES(5,'OUT','RECEIVED',5000,NULL,'2026-02-18','Structural Binding','Usage verified by supervisor',1,'2026-02-23 22:35:24.878640',NULL,NULL,2,NULL,NULL);
CREATE TABLE IF NOT EXISTS "permits_legaldocument" ("id" integer NOT NULL PRIMARY KEY AUTOINCREMENT, "title" varchar(200) NOT NULL, "document_type" varchar(20) NOT NULL, "file" varchar(100) NOT NULL, "upload_date" datetime NOT NULL, "notes" text NULL);
CREATE TABLE IF NOT EXISTS "permits_permitstep" ("id" integer NOT NULL PRIMARY KEY AUTOINCREMENT, "title" varchar(200) NOT NULL, "description" text NULL, "status" varchar(20) NOT NULL, "date_issued" date NULL, "notes" text NULL, "order" integer unsigned NOT NULL CHECK ("order" >= 0));
CREATE TABLE IF NOT EXISTS "permits_permitstep_documents" ("id" integer NOT NULL PRIMARY KEY AUTOINCREMENT, "permitstep_id" bigint NOT NULL REFERENCES "permits_permitstep" ("id") DEFERRABLE INITIALLY DEFERRED, "document_id" bigint NOT NULL REFERENCES "resources_document" ("id") DEFERRABLE INITIALLY DEFERRED);
CREATE TABLE IF NOT EXISTS "django_session" ("session_key" varchar(40) NOT NULL PRIMARY KEY, "session_data" text NOT NULL, "expire_date" datetime NOT NULL);
INSERT INTO django_session VALUES('069qpi8yduv44ndfjsfghv6u3xqvag3m','.eJxVjMsOwiAQRf-FtSFlKI9x6b7fQAYYpWogKe3K-O_apAvd3nPOfYlA21rC1nkJcxZnocXpd4uUHlx3kO9Ub02mVtdljnJX5EG7nFrm5-Vw_w4K9fKtzeDImqQRjMMxox9HhgjokoqsnQIm65QH46-kB2MzeUXomQgIrWXx_gC4MDcl:1vv0QN:Zc0jiqMDeX6qmqitZZ3DjQ3mgf8b_bu3wt2cShpGJeY','2026-03-10 21:58:35.652263');
CREATE TABLE IF NOT EXISTS "tasks_task" ("id" integer NOT NULL PRIMARY KEY AUTOINCREMENT, "title" varchar(200) NOT NULL, "description" text NOT NULL, "status" varchar(20) NOT NULL, "priority" varchar(20) NOT NULL, "start_date" date NULL, "due_date" date NULL, "completed_date" date NULL, "created_at" datetime NOT NULL, "updated_at" datetime NOT NULL, "assigned_to_id" bigint NULL REFERENCES "resources_contractor" ("id") DEFERRABLE INITIALLY DEFERRED, "phase_id" bigint NOT NULL REFERENCES "core_constructionphase" ("id") DEFERRABLE INITIALLY DEFERRED, "room_id" bigint NULL REFERENCES "core_room" ("id") DEFERRABLE INITIALLY DEFERRED);
CREATE TABLE IF NOT EXISTS "tasks_taskupdate" ("id" integer NOT NULL PRIMARY KEY AUTOINCREMENT, "note" text NOT NULL, "progress_percentage" integer NOT NULL, "date" datetime NOT NULL, "task_id" bigint NOT NULL REFERENCES "tasks_task" ("id") DEFERRABLE INITIALLY DEFERRED);
CREATE TABLE IF NOT EXISTS "tasks_taskupdate_attachments" ("id" integer NOT NULL PRIMARY KEY AUTOINCREMENT, "taskupdate_id" bigint NOT NULL REFERENCES "tasks_taskupdate" ("id") DEFERRABLE INITIALLY DEFERRED, "document_id" bigint NOT NULL REFERENCES "resources_document" ("id") DEFERRABLE INITIALLY DEFERRED);
CREATE TABLE IF NOT EXISTS "tasks_taskmedia" ("id" integer NOT NULL PRIMARY KEY AUTOINCREMENT, "file" varchar(100) NOT NULL, "media_type" varchar(10) NOT NULL, "created_at" datetime NOT NULL, "description" text NULL, "task_id" bigint NOT NULL REFERENCES "tasks_task" ("id") DEFERRABLE INITIALLY DEFERRED);
CREATE TABLE IF NOT EXISTS "token_blacklist_blacklistedtoken" ("blacklisted_at" datetime NOT NULL, "token_id" bigint NOT NULL UNIQUE REFERENCES "token_blacklist_outstandingtoken" ("id") DEFERRABLE INITIALLY DEFERRED, "id" integer NOT NULL PRIMARY KEY AUTOINCREMENT);
INSERT INTO token_blacklist_blacklistedtoken VALUES('2026-02-23 22:39:17.686632',1,1);
CREATE TABLE IF NOT EXISTS "token_blacklist_outstandingtoken" ("token" text NOT NULL, "created_at" datetime NULL, "expires_at" datetime NOT NULL, "user_id" bigint NULL REFERENCES "accounts_user" ("id") DEFERRABLE INITIALLY DEFERRED, "jti" varchar(255) NOT NULL UNIQUE, "id" integer NOT NULL PRIMARY KEY AUTOINCREMENT);
INSERT INTO token_blacklist_outstandingtoken VALUES('eyJhbGciOiJIUzI1NiIsInR5cCI6IkpXVCJ9.eyJ0b2tlbl90eXBlIjoicmVmcmVzaCIsImV4cCI6MTc3MTkyNDU4MCwiaWF0IjoxNzcxODM4MTgwLCJqdGkiOiI5NWJiZmQ3MTc0MGE0ZDUxOWRjZTI3YmFiYmQ0OTAwNSIsInVzZXJfaWQiOjF9.nrm_sP0a68mYd7_t2IHVPxshDjHiYdsVzd3JpPusseo',NULL,'2026-02-24 09:16:20',NULL,'95bbfd71740a4d519dce27babbd49005',1);
INSERT INTO token_blacklist_outstandingtoken VALUES('eyJhbGciOiJIUzI1NiIsInR5cCI6IkpXVCJ9.eyJ0b2tlbl90eXBlIjoicmVmcmVzaCIsImV4cCI6MTc3MjA1NjY5NywiaWF0IjoxNzcxOTcwMjk3LCJqdGkiOiI2ODNhMmNhMzBhZjE0Mzg1YTc3Yjc3MTYxNzk4MThkNCIsInVzZXJfaWQiOjN9.ucmqmQhWO5i__wHiHT_xmAlr_FMvXFDbJzaDCyEvD_Y','2026-02-24 21:58:17.698263','2026-02-25 21:58:17',3,'683a2ca30af14385a77b7716179818d4',2);
INSERT INTO token_blacklist_outstandingtoken VALUES('eyJhbGciOiJIUzI1NiIsInR5cCI6IkpXVCJ9.eyJ0b2tlbl90eXBlIjoicmVmcmVzaCIsImV4cCI6MTc3MjE4NzI0NywiaWF0IjoxNzcyMTAwODQ3LCJqdGkiOiJjMTFiZDM4YjA3MGM0OGM4YTE5OWYxNTBiYTUxZTY1NCIsInVzZXJfaWQiOjN9.secG2uZ5XY3mV9EfObh2vxWVqoxHU7AFvymVT2MIC-s','2026-02-26 10:14:07.580611','2026-02-27 10:14:07',3,'c11bd38b070c48c8a199f150ba51e654',3);
INSERT INTO sqlite_sequence VALUES('django_migrations',37);
INSERT INTO sqlite_sequence VALUES('django_content_type',29);
INSERT INTO sqlite_sequence VALUES('auth_permission',116);
INSERT INTO sqlite_sequence VALUES('auth_group',0);
INSERT INTO sqlite_sequence VALUES('django_admin_log',1);
INSERT INTO sqlite_sequence VALUES('token_blacklist_blacklistedtoken',1);
INSERT INTO sqlite_sequence VALUES('token_blacklist_outstandingtoken',3);
INSERT INTO sqlite_sequence VALUES('accounts_user',3);
INSERT INTO sqlite_sequence VALUES('accounts_profile',3);
INSERT INTO sqlite_sequence VALUES('finance_budgetcategory',6);
INSERT INTO sqlite_sequence VALUES('finance_fundingsource',3);
INSERT INTO sqlite_sequence VALUES('finance_fundingtransaction',10);
INSERT INTO sqlite_sequence VALUES('finance_expense',6);
INSERT INTO sqlite_sequence VALUES('finance_payment',6);
INSERT INTO sqlite_sequence VALUES('core_houseproject',1);
INSERT INTO sqlite_sequence VALUES('core_constructionphase',6);
INSERT INTO sqlite_sequence VALUES('core_floor',3);
INSERT INTO sqlite_sequence VALUES('core_room',3);
INSERT INTO sqlite_sequence VALUES('resources_supplier',6);
INSERT INTO sqlite_sequence VALUES('resources_contractor',2);
INSERT INTO sqlite_sequence VALUES('resources_material',4);
INSERT INTO sqlite_sequence VALUES('resources_materialtransaction',5);
INSERT INTO sqlite_sequence VALUES('estimator_constructionrate',10);
CREATE UNIQUE INDEX "django_content_type_app_label_model_76bd3d3b_uniq" ON "django_content_type" ("app_label", "model");
CREATE UNIQUE INDEX "auth_group_permissions_group_id_permission_id_0cd325b0_uniq" ON "auth_group_permissions" ("group_id", "permission_id");
CREATE INDEX "auth_group_permissions_group_id_b120cbf9" ON "auth_group_permissions" ("group_id");
CREATE INDEX "auth_group_permissions_permission_id_84c5c92e" ON "auth_group_permissions" ("permission_id");
CREATE UNIQUE INDEX "auth_permission_content_type_id_codename_01ab375a_uniq" ON "auth_permission" ("content_type_id", "codename");
CREATE INDEX "auth_permission_content_type_id_2f476e4b" ON "auth_permission" ("content_type_id");
CREATE UNIQUE INDEX "accounts_user_groups_user_id_group_id_59c0b32f_uniq" ON "accounts_user_groups" ("user_id", "group_id");
CREATE INDEX "accounts_user_groups_user_id_52b62117" ON "accounts_user_groups" ("user_id");
CREATE INDEX "accounts_user_groups_group_id_bd11a704" ON "accounts_user_groups" ("group_id");
CREATE UNIQUE INDEX "accounts_user_user_permissions_user_id_permission_id_2ab516c2_uniq" ON "accounts_user_user_permissions" ("user_id", "permission_id");
CREATE INDEX "accounts_user_user_permissions_user_id_e4f0a161" ON "accounts_user_user_permissions" ("user_id");
CREATE INDEX "accounts_user_user_permissions_permission_id_113bb443" ON "accounts_user_user_permissions" ("permission_id");
CREATE INDEX "django_admin_log_content_type_id_c4bce8eb" ON "django_admin_log" ("content_type_id");
CREATE INDEX "django_admin_log_user_id_c564eba6" ON "django_admin_log" ("user_id");
CREATE INDEX "core_room_floor_id_f97e1030" ON "core_room" ("floor_id");
CREATE INDEX "finance_expense_category_id_19b015b6" ON "finance_expense" ("category_id");
CREATE INDEX "finance_payment_expense_id_2c6be369" ON "finance_payment" ("expense_id");
CREATE INDEX "finance_payment_funding_source_id_9f0e4965" ON "finance_payment" ("funding_source_id");
CREATE INDEX "finance_fundingtransaction_funding_source_id_4467d0a0" ON "finance_fundingtransaction" ("funding_source_id");
CREATE INDEX "finance_fundingtransaction_payment_id_815c4add" ON "finance_fundingtransaction" ("payment_id");
CREATE INDEX "resources_material_budget_category_id_976d50eb" ON "resources_material" ("budget_category_id");
CREATE INDEX "resources_materialtransaction_expense_id_557f5b7c" ON "resources_materialtransaction" ("expense_id");
CREATE INDEX "resources_materialtransaction_funding_source_id_30dddf05" ON "resources_materialtransaction" ("funding_source_id");
CREATE INDEX "resources_materialtransaction_material_id_62f3fe9b" ON "resources_materialtransaction" ("material_id");
CREATE INDEX "resources_materialtransaction_room_id_d608bf96" ON "resources_materialtransaction" ("room_id");
CREATE INDEX "resources_materialtransaction_supplier_id_a173263c" ON "resources_materialtransaction" ("supplier_id");
CREATE INDEX "resources_material_supplier_id_210c0d36" ON "resources_material" ("supplier_id");
CREATE INDEX "finance_expense_contractor_id_84c71c94" ON "finance_expense" ("contractor_id");
CREATE INDEX "finance_expense_funding_source_id_1a0c5467" ON "finance_expense" ("funding_source_id");
CREATE INDEX "finance_expense_material_id_aad6d816" ON "finance_expense" ("material_id");
CREATE INDEX "finance_expense_phase_id_8af20db2" ON "finance_expense" ("phase_id");
CREATE INDEX "finance_expense_receipt_id_65c41fe0" ON "finance_expense" ("receipt_id");
CREATE INDEX "finance_expense_supplier_id_be5267a8" ON "finance_expense" ("supplier_id");
CREATE UNIQUE INDEX "permits_permitstep_documents_permitstep_id_document_id_41b0a623_uniq" ON "permits_permitstep_documents" ("permitstep_id", "document_id");
CREATE INDEX "permits_permitstep_documents_permitstep_id_de782db2" ON "permits_permitstep_documents" ("permitstep_id");
CREATE INDEX "permits_permitstep_documents_document_id_6e46b19f" ON "permits_permitstep_documents" ("document_id");
CREATE INDEX "django_session_expire_date_a5c62663" ON "django_session" ("expire_date");
CREATE INDEX "tasks_task_assigned_to_id_e8821f61" ON "tasks_task" ("assigned_to_id");
CREATE INDEX "tasks_task_phase_id_912b46c5" ON "tasks_task" ("phase_id");
CREATE INDEX "tasks_task_room_id_8d192773" ON "tasks_task" ("room_id");
CREATE INDEX "tasks_taskupdate_task_id_199a1013" ON "tasks_taskupdate" ("task_id");
CREATE UNIQUE INDEX "tasks_taskupdate_attachments_taskupdate_id_document_id_75fb767d_uniq" ON "tasks_taskupdate_attachments" ("taskupdate_id", "document_id");
CREATE INDEX "tasks_taskupdate_attachments_taskupdate_id_ebef404e" ON "tasks_taskupdate_attachments" ("taskupdate_id");
CREATE INDEX "tasks_taskupdate_attachments_document_id_d6749a65" ON "tasks_taskupdate_attachments" ("document_id");
CREATE INDEX "tasks_taskmedia_task_id_4763f874" ON "tasks_taskmedia" ("task_id");
CREATE INDEX "token_blacklist_outstandingtoken_user_id_83bc629a" ON "token_blacklist_outstandingtoken" ("user_id");
COMMIT;
