-- ============================================================
-- ConstructPro SQL Export - upload-ready converted copy
-- Source: project_1_jitu_&_shristi_house_construction_2026-05-15-21-44-40.sql
-- Changes: PostgreSQL casts removed, project members skipped, legacy contractors converted to resource_worker, stale FKs nulled.
-- Converted contractors: 3; skipped project members: 4
-- Upload using Data Transfer -> Import -> Full system restore for a new DB, or Import into one project for remapping.
-- ============================================================

-- ============================================================
-- ConstructPro SQL Export (Single Project)
-- Project  : Jitu & Shristi House Construction
-- Project ID: 1
-- Exported : 2026-05-15 21:44:40 UTC
-- ============================================================
BEGIN;

-- ── core.HouseProject (1 rows) ──
INSERT INTO "core_houseproject" ("id", "name", "owner_name", "address", "total_budget", "start_date", "expected_completion_date", "area_sqft", "created_at", "updated_at") VALUES (1, 'Jitu & Shristi House Construction', 'Jit Bahadur Khadka (C/O: Radhika K.C. Khadka)', 'Tulsipur-05, Doghare, Dang, Nepal', 5000000.00, '2026-02-27', '2027-12-31', 3872, '2026-05-01T04:12:54.821323+00:00', '2026-05-01T04:12:54.821346+00:00') ON CONFLICT DO NOTHING;

-- NOTE: User rows were absent in the source export; project member rows are intentionally omitted for cross-database import.
-- ── core.ProjectMember skipped: user IDs are database-local and cannot be safely imported. ──

-- ── core.ConstructionPhase (20 rows) ──
INSERT INTO "core_constructionphase" ("id", "project_id", "name", "start_date", "end_date", "status", "order", "description", "technical_spec", "estimated_budget", "permit_required", "permit_status", "permit_date_issued", "permit_notes", "naksa_file", "structure_design", "completion_photo") VALUES (1, 1, 'Naksa / Design (नक्सा)', NULL, NULL, 'IN_PROGRESS', 1, '', '', 0.00, FALSE, 'NOT_REQUIRED', NULL, '', 'phases/naksa/Ground_Floor_Plan.pdf', '', '') ON CONFLICT DO NOTHING;
INSERT INTO "core_constructionphase" ("id", "project_id", "name", "start_date", "end_date", "status", "order", "description", "technical_spec", "estimated_budget", "permit_required", "permit_status", "permit_date_issued", "permit_notes", "naksa_file", "structure_design", "completion_photo") VALUES (2, 1, 'Municipal Approval (नक्सा पास)', NULL, NULL, 'IN_PROGRESS', 2, '', '', 25000.00, FALSE, 'NOT_REQUIRED', NULL, '', '', '', '') ON CONFLICT DO NOTHING;
INSERT INTO "core_constructionphase" ("id", "project_id", "name", "start_date", "end_date", "status", "order", "description", "technical_spec", "estimated_budget", "permit_required", "permit_status", "permit_date_issued", "permit_notes", "naksa_file", "structure_design", "completion_photo") VALUES (3, 1, 'Jag Khanne (जग खन्ने)', NULL, NULL, 'PENDING', 3, '', '', 300000.00, FALSE, 'NOT_REQUIRED', NULL, '', '', '', '') ON CONFLICT DO NOTHING;
INSERT INTO "core_constructionphase" ("id", "project_id", "name", "start_date", "end_date", "status", "order", "description", "technical_spec", "estimated_budget", "permit_required", "permit_status", "permit_date_issued", "permit_notes", "naksa_file", "structure_design", "completion_photo") VALUES (4, 1, 'Foundation / DPC', NULL, NULL, 'PENDING', 4, '', '', 400000.00, FALSE, 'NOT_REQUIRED', NULL, '', '', '', '') ON CONFLICT DO NOTHING;
INSERT INTO "core_constructionphase" ("id", "project_id", "name", "start_date", "end_date", "status", "order", "description", "technical_spec", "estimated_budget", "permit_required", "permit_status", "permit_date_issued", "permit_notes", "naksa_file", "structure_design", "completion_photo") VALUES (5, 1, 'Pillar & Beam – Ground Floor', NULL, NULL, 'PENDING', 5, '', '', 450000.00, FALSE, 'NOT_REQUIRED', NULL, '', '', '', '') ON CONFLICT DO NOTHING;
INSERT INTO "core_constructionphase" ("id", "project_id", "name", "start_date", "end_date", "status", "order", "description", "technical_spec", "estimated_budget", "permit_required", "permit_status", "permit_date_issued", "permit_notes", "naksa_file", "structure_design", "completion_photo") VALUES (6, 1, 'Ground Floor Slab (ढलान)', NULL, NULL, 'PENDING', 6, '', '', 350000.00, FALSE, 'NOT_REQUIRED', NULL, '', '', '', '') ON CONFLICT DO NOTHING;
INSERT INTO "core_constructionphase" ("id", "project_id", "name", "start_date", "end_date", "status", "order", "description", "technical_spec", "estimated_budget", "permit_required", "permit_status", "permit_date_issued", "permit_notes", "naksa_file", "structure_design", "completion_photo") VALUES (7, 1, 'Pillar & Beam – First Floor', NULL, NULL, 'PENDING', 7, '', '', 450000.00, FALSE, 'NOT_REQUIRED', NULL, '', '', '', '') ON CONFLICT DO NOTHING;
INSERT INTO "core_constructionphase" ("id", "project_id", "name", "start_date", "end_date", "status", "order", "description", "technical_spec", "estimated_budget", "permit_required", "permit_status", "permit_date_issued", "permit_notes", "naksa_file", "structure_design", "completion_photo") VALUES (8, 1, 'First Floor Slab (ढलान)', NULL, NULL, 'PENDING', 8, '', '', 350000.00, FALSE, 'NOT_REQUIRED', NULL, '', '', '', '') ON CONFLICT DO NOTHING;
INSERT INTO "core_constructionphase" ("id", "project_id", "name", "start_date", "end_date", "status", "order", "description", "technical_spec", "estimated_budget", "permit_required", "permit_status", "permit_date_issued", "permit_notes", "naksa_file", "structure_design", "completion_photo") VALUES (9, 1, 'Pillar & Beam – Second Floor', NULL, NULL, 'PENDING', 9, '', '', 400000.00, FALSE, 'NOT_REQUIRED', NULL, '', '', '', '') ON CONFLICT DO NOTHING;
INSERT INTO "core_constructionphase" ("id", "project_id", "name", "start_date", "end_date", "status", "order", "description", "technical_spec", "estimated_budget", "permit_required", "permit_status", "permit_date_issued", "permit_notes", "naksa_file", "structure_design", "completion_photo") VALUES (10, 1, 'Second Floor Slab (ढलान)', NULL, NULL, 'PENDING', 10, '', '', 350000.00, FALSE, 'NOT_REQUIRED', NULL, '', '', '', '') ON CONFLICT DO NOTHING;
INSERT INTO "core_constructionphase" ("id", "project_id", "name", "start_date", "end_date", "status", "order", "description", "technical_spec", "estimated_budget", "permit_required", "permit_status", "permit_date_issued", "permit_notes", "naksa_file", "structure_design", "completion_photo") VALUES (11, 1, 'Top Floor / Chhad (छत)', NULL, NULL, 'PENDING', 11, '', '', 300000.00, FALSE, 'NOT_REQUIRED', NULL, '', '', '', '') ON CONFLICT DO NOTHING;
INSERT INTO "core_constructionphase" ("id", "project_id", "name", "start_date", "end_date", "status", "order", "description", "technical_spec", "estimated_budget", "permit_required", "permit_status", "permit_date_issued", "permit_notes", "naksa_file", "structure_design", "completion_photo") VALUES (12, 1, 'Masonry / Eenta Laune (ईट्टा)', NULL, NULL, 'PENDING', 12, '', '', 400000.00, FALSE, 'NOT_REQUIRED', NULL, '', '', '', '') ON CONFLICT DO NOTHING;
INSERT INTO "core_constructionphase" ("id", "project_id", "name", "start_date", "end_date", "status", "order", "description", "technical_spec", "estimated_budget", "permit_required", "permit_status", "permit_date_issued", "permit_notes", "naksa_file", "structure_design", "completion_photo") VALUES (13, 1, 'Plaster / Dhuwai (ढुवाई)', NULL, NULL, 'PENDING', 13, '', '', 250000.00, FALSE, 'NOT_REQUIRED', NULL, '', '', '', '') ON CONFLICT DO NOTHING;
INSERT INTO "core_constructionphase" ("id", "project_id", "name", "start_date", "end_date", "status", "order", "description", "technical_spec", "estimated_budget", "permit_required", "permit_status", "permit_date_issued", "permit_notes", "naksa_file", "structure_design", "completion_photo") VALUES (14, 1, 'Electrical Wiring (बिजुली)', NULL, NULL, 'PENDING', 14, '', '', 200000.00, FALSE, 'NOT_REQUIRED', NULL, '', '', '', '') ON CONFLICT DO NOTHING;
INSERT INTO "core_constructionphase" ("id", "project_id", "name", "start_date", "end_date", "status", "order", "description", "technical_spec", "estimated_budget", "permit_required", "permit_status", "permit_date_issued", "permit_notes", "naksa_file", "structure_design", "completion_photo") VALUES (15, 1, 'Plumbing / Sanitary (प्लम्बिङ)', NULL, NULL, 'PENDING', 15, '', '', 150000.00, FALSE, 'NOT_REQUIRED', NULL, '', '', '', '') ON CONFLICT DO NOTHING;
INSERT INTO "core_constructionphase" ("id", "project_id", "name", "start_date", "end_date", "status", "order", "description", "technical_spec", "estimated_budget", "permit_required", "permit_status", "permit_date_issued", "permit_notes", "naksa_file", "structure_design", "completion_photo") VALUES (16, 1, 'Painting (रंगरोगन)', NULL, NULL, 'PENDING', 16, '', '', 200000.00, FALSE, 'NOT_REQUIRED', NULL, '', '', '', '') ON CONFLICT DO NOTHING;
INSERT INTO "core_constructionphase" ("id", "project_id", "name", "start_date", "end_date", "status", "order", "description", "technical_spec", "estimated_budget", "permit_required", "permit_status", "permit_date_issued", "permit_notes", "naksa_file", "structure_design", "completion_photo") VALUES (17, 1, 'Doors & Windows (ढोका/झ्याल)', NULL, NULL, 'PENDING', 17, '', '', 250000.00, FALSE, 'NOT_REQUIRED', NULL, '', '', '', '') ON CONFLICT DO NOTHING;
INSERT INTO "core_constructionphase" ("id", "project_id", "name", "start_date", "end_date", "status", "order", "description", "technical_spec", "estimated_budget", "permit_required", "permit_status", "permit_date_issued", "permit_notes", "naksa_file", "structure_design", "completion_photo") VALUES (18, 1, 'Tile / Flooring (टाइल)', NULL, NULL, 'PENDING', 18, '', '', 250000.00, FALSE, 'NOT_REQUIRED', NULL, '', '', '', '') ON CONFLICT DO NOTHING;
INSERT INTO "core_constructionphase" ("id", "project_id", "name", "start_date", "end_date", "status", "order", "description", "technical_spec", "estimated_budget", "permit_required", "permit_status", "permit_date_issued", "permit_notes", "naksa_file", "structure_design", "completion_photo") VALUES (19, 1, 'Railing / Boundary Wall', NULL, NULL, 'PENDING', 19, '', '', 150000.00, FALSE, 'NOT_REQUIRED', NULL, '', '', '', '') ON CONFLICT DO NOTHING;
INSERT INTO "core_constructionphase" ("id", "project_id", "name", "start_date", "end_date", "status", "order", "description", "technical_spec", "estimated_budget", "permit_required", "permit_status", "permit_date_issued", "permit_notes", "naksa_file", "structure_design", "completion_photo") VALUES (20, 1, 'Finishing & Handover', NULL, NULL, 'PENDING', 20, '', '', 100000.00, FALSE, 'NOT_REQUIRED', NULL, '', '', '', '') ON CONFLICT DO NOTHING;

-- ── core.Floor (4 rows) ──
INSERT INTO "core_floor" ("id", "name", "level", "image", "plan_width_cm", "plan_depth_cm", "created_at", "updated_at", "project_id") VALUES (1, 'Ground Floor (तल्ला)', 0, '', NULL, NULL, '2026-05-01T04:12:54.851448+00:00', '2026-05-01T04:12:54.851463+00:00', 1) ON CONFLICT DO NOTHING;
INSERT INTO "core_floor" ("id", "name", "level", "image", "plan_width_cm", "plan_depth_cm", "created_at", "updated_at", "project_id") VALUES (2, 'First Floor (पहिलो तल्ला)', 1, '', NULL, NULL, '2026-05-01T04:12:54.860604+00:00', '2026-05-01T04:12:54.860640+00:00', 1) ON CONFLICT DO NOTHING;
INSERT INTO "core_floor" ("id", "name", "level", "image", "plan_width_cm", "plan_depth_cm", "created_at", "updated_at", "project_id") VALUES (3, 'Second Floor (दोस्रो तल्ला)', 2, '', NULL, NULL, '2026-05-01T04:12:54.868753+00:00', '2026-05-01T04:12:54.868773+00:00', 1) ON CONFLICT DO NOTHING;
INSERT INTO "core_floor" ("id", "name", "level", "image", "plan_width_cm", "plan_depth_cm", "created_at", "updated_at", "project_id") VALUES (4, 'Top Floor (छत)', 3, '', NULL, NULL, '2026-05-01T04:12:54.874846+00:00', '2026-05-01T04:12:54.874864+00:00', 1) ON CONFLICT DO NOTHING;

-- ── core.Room (19 rows) ──
INSERT INTO "core_room" ("id", "name", "floor_id", "room_type", "area_sqft", "status", "budget_allocation", "ceiling_height_cm", "floor_finish", "wall_finish", "color_scheme", "window_count", "door_count", "electrical_points", "light_points", "fan_points", "ac_provision", "plumbing_points", "priority", "completion_date", "notes", "width_cm", "depth_cm", "pos_x", "pos_y", "polygon_points") VALUES (1, 'Garage', 1, 'BEDROOM', 439.17, 'NOT_STARTED', 0.00, 315, '', '', '', 0, 1, 0, 0, 0, FALSE, 0, 'MEDIUM', NULL, '', 500, 816, 810, 20, NULL) ON CONFLICT DO NOTHING;
INSERT INTO "core_room" ("id", "name", "floor_id", "room_type", "area_sqft", "status", "budget_allocation", "ceiling_height_cm", "floor_finish", "wall_finish", "color_scheme", "window_count", "door_count", "electrical_points", "light_points", "fan_points", "ac_provision", "plumbing_points", "priority", "completion_date", "notes", "width_cm", "depth_cm", "pos_x", "pos_y", "polygon_points") VALUES (2, 'Living Room (बैठक)', 1, 'OTHER', 775.00, 'NOT_STARTED', 0.00, 315, '', '', '', 0, 1, 0, 0, 0, FALSE, 0, 'MEDIUM', NULL, '', 800, 900, 0, 210, NULL) ON CONFLICT DO NOTHING;
INSERT INTO "core_room" ("id", "name", "floor_id", "room_type", "area_sqft", "status", "budget_allocation", "ceiling_height_cm", "floor_finish", "wall_finish", "color_scheme", "window_count", "door_count", "electrical_points", "light_points", "fan_points", "ac_provision", "plumbing_points", "priority", "completion_date", "notes", "width_cm", "depth_cm", "pos_x", "pos_y", "polygon_points") VALUES (3, 'Kitchen (भन्सा)', 1, 'OTHER', 100.00, 'NOT_STARTED', 0.00, 315, '', '', '', 0, 1, 0, 0, 0, FALSE, 0, 'MEDIUM', NULL, '', NULL, NULL, NULL, NULL, NULL) ON CONFLICT DO NOTHING;
INSERT INTO "core_room" ("id", "name", "floor_id", "room_type", "area_sqft", "status", "budget_allocation", "ceiling_height_cm", "floor_finish", "wall_finish", "color_scheme", "window_count", "door_count", "electrical_points", "light_points", "fan_points", "ac_provision", "plumbing_points", "priority", "completion_date", "notes", "width_cm", "depth_cm", "pos_x", "pos_y", "polygon_points") VALUES (4, 'Bathroom', 1, 'OTHER', 40.00, 'NOT_STARTED', 0.00, 315, '', '', '', 0, 1, 0, 0, 0, FALSE, 0, 'MEDIUM', NULL, '', NULL, NULL, NULL, NULL, NULL) ON CONFLICT DO NOTHING;
INSERT INTO "core_room" ("id", "name", "floor_id", "room_type", "area_sqft", "status", "budget_allocation", "ceiling_height_cm", "floor_finish", "wall_finish", "color_scheme", "window_count", "door_count", "electrical_points", "light_points", "fan_points", "ac_provision", "plumbing_points", "priority", "completion_date", "notes", "width_cm", "depth_cm", "pos_x", "pos_y", "polygon_points") VALUES (5, 'Store Room', 1, 'OTHER', 60.00, 'NOT_STARTED', 0.00, 315, '', '', '', 0, 1, 0, 0, 0, FALSE, 0, 'MEDIUM', NULL, '', NULL, NULL, NULL, NULL, NULL) ON CONFLICT DO NOTHING;
INSERT INTO "core_room" ("id", "name", "floor_id", "room_type", "area_sqft", "status", "budget_allocation", "ceiling_height_cm", "floor_finish", "wall_finish", "color_scheme", "window_count", "door_count", "electrical_points", "light_points", "fan_points", "ac_provision", "plumbing_points", "priority", "completion_date", "notes", "width_cm", "depth_cm", "pos_x", "pos_y", "polygon_points") VALUES (6, 'Puja Room (पूजा कोठा)', 1, 'OTHER', 50.00, 'NOT_STARTED', 0.00, 315, '', '', '', 0, 1, 0, 0, 0, FALSE, 0, 'MEDIUM', NULL, '', NULL, NULL, 0, 0, NULL) ON CONFLICT DO NOTHING;
INSERT INTO "core_room" ("id", "name", "floor_id", "room_type", "area_sqft", "status", "budget_allocation", "ceiling_height_cm", "floor_finish", "wall_finish", "color_scheme", "window_count", "door_count", "electrical_points", "light_points", "fan_points", "ac_provision", "plumbing_points", "priority", "completion_date", "notes", "width_cm", "depth_cm", "pos_x", "pos_y", "polygon_points") VALUES (7, 'Master Bedroom', 2, 'OTHER', 200.00, 'NOT_STARTED', 0.00, 315, '', '', '', 0, 1, 0, 0, 0, FALSE, 0, 'MEDIUM', NULL, '', NULL, NULL, NULL, NULL, NULL) ON CONFLICT DO NOTHING;
INSERT INTO "core_room" ("id", "name", "floor_id", "room_type", "area_sqft", "status", "budget_allocation", "ceiling_height_cm", "floor_finish", "wall_finish", "color_scheme", "window_count", "door_count", "electrical_points", "light_points", "fan_points", "ac_provision", "plumbing_points", "priority", "completion_date", "notes", "width_cm", "depth_cm", "pos_x", "pos_y", "polygon_points") VALUES (8, 'Bedroom 2', 2, 'OTHER', 150.00, 'NOT_STARTED', 0.00, 315, '', '', '', 0, 1, 0, 0, 0, FALSE, 0, 'MEDIUM', NULL, '', NULL, NULL, NULL, NULL, NULL) ON CONFLICT DO NOTHING;
INSERT INTO "core_room" ("id", "name", "floor_id", "room_type", "area_sqft", "status", "budget_allocation", "ceiling_height_cm", "floor_finish", "wall_finish", "color_scheme", "window_count", "door_count", "electrical_points", "light_points", "fan_points", "ac_provision", "plumbing_points", "priority", "completion_date", "notes", "width_cm", "depth_cm", "pos_x", "pos_y", "polygon_points") VALUES (9, 'Bathroom', 2, 'OTHER', 50.00, 'NOT_STARTED', 0.00, 315, '', '', '', 0, 1, 0, 0, 0, FALSE, 0, 'MEDIUM', NULL, '', NULL, NULL, NULL, NULL, NULL) ON CONFLICT DO NOTHING;
INSERT INTO "core_room" ("id", "name", "floor_id", "room_type", "area_sqft", "status", "budget_allocation", "ceiling_height_cm", "floor_finish", "wall_finish", "color_scheme", "window_count", "door_count", "electrical_points", "light_points", "fan_points", "ac_provision", "plumbing_points", "priority", "completion_date", "notes", "width_cm", "depth_cm", "pos_x", "pos_y", "polygon_points") VALUES (10, 'Balcony', 2, 'OTHER', 60.00, 'NOT_STARTED', 0.00, 315, '', '', '', 0, 1, 0, 0, 0, FALSE, 0, 'MEDIUM', NULL, '', NULL, NULL, NULL, NULL, NULL) ON CONFLICT DO NOTHING;
INSERT INTO "core_room" ("id", "name", "floor_id", "room_type", "area_sqft", "status", "budget_allocation", "ceiling_height_cm", "floor_finish", "wall_finish", "color_scheme", "window_count", "door_count", "electrical_points", "light_points", "fan_points", "ac_provision", "plumbing_points", "priority", "completion_date", "notes", "width_cm", "depth_cm", "pos_x", "pos_y", "polygon_points") VALUES (11, 'Hall', 2, 'OTHER', 140.00, 'NOT_STARTED', 0.00, 315, '', '', '', 0, 1, 0, 0, 0, FALSE, 0, 'MEDIUM', NULL, '', NULL, NULL, NULL, NULL, NULL) ON CONFLICT DO NOTHING;
INSERT INTO "core_room" ("id", "name", "floor_id", "room_type", "area_sqft", "status", "budget_allocation", "ceiling_height_cm", "floor_finish", "wall_finish", "color_scheme", "window_count", "door_count", "electrical_points", "light_points", "fan_points", "ac_provision", "plumbing_points", "priority", "completion_date", "notes", "width_cm", "depth_cm", "pos_x", "pos_y", "polygon_points") VALUES (12, 'Bedroom 3', 3, 'OTHER', 180.00, 'NOT_STARTED', 0.00, 315, '', '', '', 0, 1, 0, 0, 0, FALSE, 0, 'MEDIUM', NULL, '', NULL, NULL, NULL, NULL, NULL) ON CONFLICT DO NOTHING;
INSERT INTO "core_room" ("id", "name", "floor_id", "room_type", "area_sqft", "status", "budget_allocation", "ceiling_height_cm", "floor_finish", "wall_finish", "color_scheme", "window_count", "door_count", "electrical_points", "light_points", "fan_points", "ac_provision", "plumbing_points", "priority", "completion_date", "notes", "width_cm", "depth_cm", "pos_x", "pos_y", "polygon_points") VALUES (13, 'Bedroom 4', 3, 'OTHER', 150.00, 'NOT_STARTED', 0.00, 315, '', '', '', 0, 1, 0, 0, 0, FALSE, 0, 'MEDIUM', NULL, '', NULL, NULL, NULL, NULL, NULL) ON CONFLICT DO NOTHING;
INSERT INTO "core_room" ("id", "name", "floor_id", "room_type", "area_sqft", "status", "budget_allocation", "ceiling_height_cm", "floor_finish", "wall_finish", "color_scheme", "window_count", "door_count", "electrical_points", "light_points", "fan_points", "ac_provision", "plumbing_points", "priority", "completion_date", "notes", "width_cm", "depth_cm", "pos_x", "pos_y", "polygon_points") VALUES (14, 'Bathroom', 3, 'OTHER', 50.00, 'NOT_STARTED', 0.00, 315, '', '', '', 0, 1, 0, 0, 0, FALSE, 0, 'MEDIUM', NULL, '', NULL, NULL, NULL, NULL, NULL) ON CONFLICT DO NOTHING;
INSERT INTO "core_room" ("id", "name", "floor_id", "room_type", "area_sqft", "status", "budget_allocation", "ceiling_height_cm", "floor_finish", "wall_finish", "color_scheme", "window_count", "door_count", "electrical_points", "light_points", "fan_points", "ac_provision", "plumbing_points", "priority", "completion_date", "notes", "width_cm", "depth_cm", "pos_x", "pos_y", "polygon_points") VALUES (15, 'Balcony', 3, 'OTHER', 60.00, 'NOT_STARTED', 0.00, 315, '', '', '', 0, 1, 0, 0, 0, FALSE, 0, 'MEDIUM', NULL, '', NULL, NULL, NULL, NULL, NULL) ON CONFLICT DO NOTHING;
INSERT INTO "core_room" ("id", "name", "floor_id", "room_type", "area_sqft", "status", "budget_allocation", "ceiling_height_cm", "floor_finish", "wall_finish", "color_scheme", "window_count", "door_count", "electrical_points", "light_points", "fan_points", "ac_provision", "plumbing_points", "priority", "completion_date", "notes", "width_cm", "depth_cm", "pos_x", "pos_y", "polygon_points") VALUES (16, 'Study Room', 3, 'OTHER', 100.00, 'NOT_STARTED', 0.00, 315, '', '', '', 0, 1, 0, 0, 0, FALSE, 0, 'MEDIUM', NULL, '', NULL, NULL, NULL, NULL, NULL) ON CONFLICT DO NOTHING;
INSERT INTO "core_room" ("id", "name", "floor_id", "room_type", "area_sqft", "status", "budget_allocation", "ceiling_height_cm", "floor_finish", "wall_finish", "color_scheme", "window_count", "door_count", "electrical_points", "light_points", "fan_points", "ac_provision", "plumbing_points", "priority", "completion_date", "notes", "width_cm", "depth_cm", "pos_x", "pos_y", "polygon_points") VALUES (17, 'Open Terrace', 4, 'OTHER', 300.00, 'NOT_STARTED', 0.00, 315, '', '', '', 0, 1, 0, 0, 0, FALSE, 0, 'MEDIUM', NULL, '', NULL, NULL, NULL, NULL, NULL) ON CONFLICT DO NOTHING;
INSERT INTO "core_room" ("id", "name", "floor_id", "room_type", "area_sqft", "status", "budget_allocation", "ceiling_height_cm", "floor_finish", "wall_finish", "color_scheme", "window_count", "door_count", "electrical_points", "light_points", "fan_points", "ac_provision", "plumbing_points", "priority", "completion_date", "notes", "width_cm", "depth_cm", "pos_x", "pos_y", "polygon_points") VALUES (18, 'Utility Room', 4, 'OTHER', 80.00, 'NOT_STARTED', 0.00, 315, '', '', '', 0, 1, 0, 0, 0, FALSE, 0, 'MEDIUM', NULL, '', NULL, NULL, NULL, NULL, NULL) ON CONFLICT DO NOTHING;
INSERT INTO "core_room" ("id", "name", "floor_id", "room_type", "area_sqft", "status", "budget_allocation", "ceiling_height_cm", "floor_finish", "wall_finish", "color_scheme", "window_count", "door_count", "electrical_points", "light_points", "fan_points", "ac_provision", "plumbing_points", "priority", "completion_date", "notes", "width_cm", "depth_cm", "pos_x", "pos_y", "polygon_points") VALUES (19, 'Water Tank Room', 4, 'OTHER', 40.00, 'NOT_STARTED', 0.00, 315, '', '', '', 0, 1, 0, 0, 0, FALSE, 0, 'MEDIUM', NULL, '', NULL, NULL, NULL, NULL, NULL) ON CONFLICT DO NOTHING;

-- ── tasks.Task (3 rows) ──
INSERT INTO "tasks_task" ("id", "title", "description", "technical_requirement", "category_id", "phase_id", "room_id", "assigned_to_id", "assigned_team_id", "blocked_by_id", "estimated_cost", "status", "priority", "start_date", "due_date", "completed_date", "created_at", "updated_at") VALUES (1, 'task', '', '', 8, 1, 5, NULL, NULL, NULL, 0.00, 'COMPLETED', 'MEDIUM', '2026-05-14', '2026-05-15', '2026-05-15', '2026-05-14T01:19:06.152679+00:00', '2026-05-15T03:04:19.939260+00:00') ON CONFLICT DO NOTHING;
INSERT INTO "tasks_task" ("id", "title", "description", "technical_requirement", "category_id", "phase_id", "room_id", "assigned_to_id", "assigned_team_id", "blocked_by_id", "estimated_cost", "status", "priority", "start_date", "due_date", "completed_date", "created_at", "updated_at") VALUES (2, 'task3', '', '', 1, 1, 4, NULL, NULL, NULL, 0.00, 'IN_PROGRESS', 'MEDIUM', '2026-05-13', '2026-05-20', '2026-05-20', '2026-05-14T01:19:15.503364+00:00', '2026-05-15T03:03:29.785788+00:00') ON CONFLICT DO NOTHING;
INSERT INTO "tasks_task" ("id", "title", "description", "technical_requirement", "category_id", "phase_id", "room_id", "assigned_to_id", "assigned_team_id", "blocked_by_id", "estimated_cost", "status", "priority", "start_date", "due_date", "completed_date", "created_at", "updated_at") VALUES (3, 'task 2', '', '', NULL, 1, NULL, NULL, NULL, NULL, 0.00, 'PENDING', 'MEDIUM', '2026-05-16', '2026-05-20', '2026-05-20', '2026-05-14T01:19:23.642244+00:00', '2026-05-14T01:21:25.223368+00:00') ON CONFLICT DO NOTHING;

-- ── tasks.TaskMedia (2 rows) ──
INSERT INTO "tasks_taskmedia" ("id", "task_id", "file", "media_type", "created_at", "description") VALUES (1, 1, 'task_updates/blob_aHKSN6L', 'IMAGE', '2026-05-14T02:12:49.152676+00:00', NULL) ON CONFLICT DO NOTHING;
INSERT INTO "tasks_taskmedia" ("id", "task_id", "file", "media_type", "created_at", "description") VALUES (2, 1, 'task_updates/blob_m6ZvfA8', 'IMAGE', '2026-05-14T08:11:24.975154+00:00', NULL) ON CONFLICT DO NOTHING;

-- ── tasks.TaskUpdate (0 rows) ──

-- ── finance.BudgetCategory (12 rows) ──
INSERT INTO "finance_budgetcategory" ("id", "name", "description", "allocation", "associated_account_id", "project_id") VALUES (12, 'Contingency', '', 250000.00, NULL, 1) ON CONFLICT DO NOTHING;
INSERT INTO "finance_budgetcategory" ("id", "name", "description", "allocation", "associated_account_id", "project_id") VALUES (1, 'Design & Permits', '', 150000.00, NULL, 1) ON CONFLICT DO NOTHING;
INSERT INTO "finance_budgetcategory" ("id", "name", "description", "allocation", "associated_account_id", "project_id") VALUES (7, 'Doors, Windows & Railing', '', 400000.00, NULL, 1) ON CONFLICT DO NOTHING;
INSERT INTO "finance_budgetcategory" ("id", "name", "description", "allocation", "associated_account_id", "project_id") VALUES (5, 'Electrical', '', 200000.00, NULL, 1) ON CONFLICT DO NOTHING;
INSERT INTO "finance_budgetcategory" ("id", "name", "description", "allocation", "associated_account_id", "project_id") VALUES (8, 'Flooring & Tiles', '', 350000.00, NULL, 1) ON CONFLICT DO NOTHING;
INSERT INTO "finance_budgetcategory" ("id", "name", "description", "allocation", "associated_account_id", "project_id") VALUES (2, 'Foundation & Structure', '', 1500000.00, NULL, 1) ON CONFLICT DO NOTHING;
INSERT INTO "finance_budgetcategory" ("id", "name", "description", "allocation", "associated_account_id", "project_id") VALUES (10, 'Labour', '', 800000.00, NULL, 1) ON CONFLICT DO NOTHING;
INSERT INTO "finance_budgetcategory" ("id", "name", "description", "allocation", "associated_account_id", "project_id") VALUES (3, 'Masonry & Brickwork', '', 400000.00, NULL, 1) ON CONFLICT DO NOTHING;
INSERT INTO "finance_budgetcategory" ("id", "name", "description", "allocation", "associated_account_id", "project_id") VALUES (9, 'Painting', '', 200000.00, NULL, 1) ON CONFLICT DO NOTHING;
INSERT INTO "finance_budgetcategory" ("id", "name", "description", "allocation", "associated_account_id", "project_id") VALUES (4, 'Plaster & Finishing', '', 450000.00, NULL, 1) ON CONFLICT DO NOTHING;
INSERT INTO "finance_budgetcategory" ("id", "name", "description", "allocation", "associated_account_id", "project_id") VALUES (6, 'Plumbing & Sanitary', '', 150000.00, NULL, 1) ON CONFLICT DO NOTHING;
INSERT INTO "finance_budgetcategory" ("id", "name", "description", "allocation", "associated_account_id", "project_id") VALUES (11, 'Water Tank & Septic', '', 150000.00, NULL, 1) ON CONFLICT DO NOTHING;

-- ── finance.PhaseBudgetAllocation (0 rows) ──

-- ── finance.FundingSource (2 rows) ──
INSERT INTO "finance_fundingsource" ("id", "name", "source_type", "amount", "default_payment_method", "interest_rate", "received_date", "notes", "current_balance", "associated_account_id", "project_id", "created_at", "updated_at") VALUES (1, 'Nabil Bank Savings', 'OWN_MONEY', 1500000.00, 'BANK_TRANSFER', 0.00, '2026-01-01', 'Personal savings for construction initial phases.', 1500000.00, NULL, 1, '2026-05-01T04:12:54.901391+00:00', '2026-05-01T04:12:54.901403+00:00') ON CONFLICT DO NOTHING;
INSERT INTO "finance_fundingsource" ("id", "name", "source_type", "amount", "default_payment_method", "interest_rate", "received_date", "notes", "current_balance", "associated_account_id", "project_id", "created_at", "updated_at") VALUES (2, 'Cash in Hand (Nagad)', 'OWN_MONEY', 200000.00, 'CASH', 0.00, '2026-01-01', 'Petty cash for site expenses.', 200000.00, NULL, 1, '2026-05-01T04:12:54.916075+00:00', '2026-05-01T04:12:54.916089+00:00') ON CONFLICT DO NOTHING;

-- ── finance.FundingTransaction (2 rows) ──
INSERT INTO "finance_fundingtransaction" ("id", "funding_source_id", "amount", "transaction_type", "date", "description", "payment_id", "journal_entry_id", "created_at") VALUES (2, 2, 200000.00, 'CREDIT', '2026-01-01', 'Initial Funding Allocation', NULL, NULL, '2026-05-01T04:12:54.916922+00:00') ON CONFLICT DO NOTHING;
INSERT INTO "finance_fundingtransaction" ("id", "funding_source_id", "amount", "transaction_type", "date", "description", "payment_id", "journal_entry_id", "created_at") VALUES (1, 1, 1500000.00, 'CREDIT', '2026-01-01', 'Initial Funding Allocation', NULL, NULL, '2026-05-01T04:12:54.902480+00:00') ON CONFLICT DO NOTHING;

-- ── finance.Account (8 rows) ──
INSERT INTO "finance_account" ("id", "name", "code", "account_type", "parent_id", "description", "is_active", "project_id", "created_at", "updated_at") VALUES (1, 'Personal Savings (Cash)', '1001', 'ASSET', NULL, 'Cash in hand for site expenses', TRUE, 1, '2026-05-01T04:12:54.892164+00:00', '2026-05-01T04:12:54.892188+00:00') ON CONFLICT DO NOTHING;
INSERT INTO "finance_account" ("id", "name", "code", "account_type", "parent_id", "description", "is_active", "project_id", "created_at", "updated_at") VALUES (2, 'Nabil Bank Account', '1002', 'ASSET', NULL, 'Nabil Bank Tulsipur Branch savings', TRUE, 1, '2026-05-01T04:12:54.893531+00:00', '2026-05-01T04:12:54.893553+00:00') ON CONFLICT DO NOTHING;
INSERT INTO "finance_account" ("id", "name", "code", "account_type", "parent_id", "description", "is_active", "project_id", "created_at", "updated_at") VALUES (3, 'Accounts Payable', '2001', 'LIABILITY', NULL, 'Outstanding amounts owed to vendors/contractors', TRUE, 1, '2026-05-01T04:12:54.894647+00:00', '2026-05-01T04:12:54.894665+00:00') ON CONFLICT DO NOTHING;
INSERT INTO "finance_account" ("id", "name", "code", "account_type", "parent_id", "description", "is_active", "project_id", "created_at", "updated_at") VALUES (4, 'Owner''s Equity', '3001', 'EQUITY', NULL, 'Capital invested by Jit Bahadur Khadka', TRUE, 1, '2026-05-01T04:12:54.895657+00:00', '2026-05-01T04:12:54.895691+00:00') ON CONFLICT DO NOTHING;
INSERT INTO "finance_account" ("id", "name", "code", "account_type", "parent_id", "description", "is_active", "project_id", "created_at", "updated_at") VALUES (5, 'Design & Permit Expense', '5001', 'EXPENSE', NULL, 'Architecture, structural drawings, municipal fees', TRUE, 1, '2026-05-01T04:12:54.896982+00:00', '2026-05-01T04:12:54.896997+00:00') ON CONFLICT DO NOTHING;
INSERT INTO "finance_account" ("id", "name", "code", "account_type", "parent_id", "description", "is_active", "project_id", "created_at", "updated_at") VALUES (6, 'Material Expense', '5002', 'EXPENSE', NULL, 'Cement, Steel, Bricks, Sand', TRUE, 1, '2026-05-01T04:12:54.897854+00:00', '2026-05-01T04:12:54.897866+00:00') ON CONFLICT DO NOTHING;
INSERT INTO "finance_account" ("id", "name", "code", "account_type", "parent_id", "description", "is_active", "project_id", "created_at", "updated_at") VALUES (7, 'Labour Expense', '5003', 'EXPENSE', NULL, 'Mistri, Jyami, Electrician, Plumber wages', TRUE, 1, '2026-05-01T04:12:54.898648+00:00', '2026-05-01T04:12:54.898660+00:00') ON CONFLICT DO NOTHING;
INSERT INTO "finance_account" ("id", "name", "code", "account_type", "parent_id", "description", "is_active", "project_id", "created_at", "updated_at") VALUES (8, 'Contractor Expense', '5004', 'EXPENSE', NULL, 'Lump-sum thekedar payments', TRUE, 1, '2026-05-01T04:12:54.899434+00:00', '2026-05-01T04:12:54.899446+00:00') ON CONFLICT DO NOTHING;

-- ── finance.JournalEntry (0 rows) ──

-- ── finance.JournalLine (0 rows) ──

-- ── finance.PurchaseOrder (0 rows) ──

-- ── finance.Bill (2 rows) ──
INSERT INTO "finance_bill" ("id", "bill_number", "purchase_order_id", "supplier_id", "contractor_id", "date_issued", "due_date", "total_amount", "amount_paid", "status", "journal_entry_id", "notes", "project_id", "created_at") VALUES (2, 'SKILL-RCPT-04', NULL, NULL, NULL, '2026-04-07', '2026-04-07', 75000.00, 75000.00, 'PAID', NULL, 'Municipal drawing and documentation.', 1, '2026-05-01T04:12:54.936528+00:00') ON CONFLICT DO NOTHING;
INSERT INTO "finance_bill" ("id", "bill_number", "purchase_order_id", "supplier_id", "contractor_id", "date_issued", "due_date", "total_amount", "amount_paid", "status", "journal_entry_id", "notes", "project_id", "created_at") VALUES (1, 'SKILL-041', NULL, NULL, NULL, '2026-02-27', '2026-02-27', 25000.00, 25000.00, 'PAID', NULL, 'Site Visit, 2D Plan, 3D Design & Estimation Work.', 1, '2026-05-01T04:12:54.925274+00:00') ON CONFLICT DO NOTHING;

-- ── finance.BillItem (2 rows) ──
INSERT INTO "finance_billitem" ("id", "bill_id", "category_id", "phase_id", "material_id", "description", "quantity", "unit_price", "amount", "account_id") VALUES (1, 1, 1, 1, NULL, 'Site Visit, 2D Plan, 3D Design and Estimation Work', 1.00, 25000.00, 25000.00, 5) ON CONFLICT DO NOTHING;
INSERT INTO "finance_billitem" ("id", "bill_id", "category_id", "phase_id", "material_id", "description", "quantity", "unit_price", "amount", "account_id") VALUES (2, 2, 1, 2, NULL, 'Municipal Drawing, Documentation & Submission', 1.00, 75000.00, 75000.00, 5) ON CONFLICT DO NOTHING;

-- ── finance.BillPayment (0 rows) ──

-- ── finance.BankTransfer (0 rows) ──

-- ── finance.Expense (5 rows) ──
INSERT INTO "finance_expense" ("id", "title", "amount", "expense_type", "category_id", "phase_id", "material_id", "quantity", "unit_price", "supplier_id", "contractor_id", "funding_source_id", "task_id", "date", "paid_to", "is_paid", "receipt_id", "notes", "is_inventory_usage", "project_id", "created_at") VALUES (5, 'Allocated for Naksa / Design (नक्सा)', 220.00, 'MATERIAL', NULL, 1, NULL, 1.00, 220.00, NULL, NULL, NULL, NULL, '2026-05-14', 'Stock Allocation', FALSE, NULL, '', TRUE, 1, '2026-05-14T02:14:38.943614+00:00') ON CONFLICT DO NOTHING;
INSERT INTO "finance_expense" ("id", "title", "amount", "expense_type", "category_id", "phase_id", "material_id", "quantity", "unit_price", "supplier_id", "contractor_id", "funding_source_id", "task_id", "date", "paid_to", "is_paid", "receipt_id", "notes", "is_inventory_usage", "project_id", "created_at") VALUES (4, 'Allocated for Foundation / DPC', 38000.00, 'MATERIAL', NULL, 4, NULL, 40.00, 950.00, NULL, NULL, NULL, NULL, '2026-05-10', 'Stock Allocation', FALSE, NULL, '', TRUE, 1, '2026-05-10T00:47:44.989794+00:00') ON CONFLICT DO NOTHING;
INSERT INTO "finance_expense" ("id", "title", "amount", "expense_type", "category_id", "phase_id", "material_id", "quantity", "unit_price", "supplier_id", "contractor_id", "funding_source_id", "task_id", "date", "paid_to", "is_paid", "receipt_id", "notes", "is_inventory_usage", "project_id", "created_at") VALUES (3, 'foundation making ', 95000.00, 'MATERIAL', NULL, 4, NULL, 100.00, 950.00, NULL, NULL, NULL, NULL, '2026-05-10', 'Stock Allocation', FALSE, NULL, '', TRUE, 1, '2026-05-10T00:46:13.272891+00:00') ON CONFLICT DO NOTHING;
INSERT INTO "finance_expense" ("id", "title", "amount", "expense_type", "category_id", "phase_id", "material_id", "quantity", "unit_price", "supplier_id", "contractor_id", "funding_source_id", "task_id", "date", "paid_to", "is_paid", "receipt_id", "notes", "is_inventory_usage", "project_id", "created_at") VALUES (2, 'Municipal Drawing, Documentation & Submission', 75000.00, 'FEES', 1, 2, NULL, NULL, NULL, NULL, NULL, 1, NULL, '2026-04-07', '', TRUE, NULL, '', FALSE, 1, '2026-05-01T04:12:54.940370+00:00') ON CONFLICT DO NOTHING;
INSERT INTO "finance_expense" ("id", "title", "amount", "expense_type", "category_id", "phase_id", "material_id", "quantity", "unit_price", "supplier_id", "contractor_id", "funding_source_id", "task_id", "date", "paid_to", "is_paid", "receipt_id", "notes", "is_inventory_usage", "project_id", "created_at") VALUES (1, 'Site Visit, 2D Plan, 3D Design and Estimation Work', 25000.00, 'FEES', 1, 1, NULL, NULL, NULL, NULL, NULL, 2, NULL, '2026-02-27', '', TRUE, NULL, '', FALSE, 1, '2026-05-01T04:12:54.931333+00:00') ON CONFLICT DO NOTHING;

-- ── finance.Payment (0 rows) ──

-- ── resource.Worker converted from legacy resources.Contractor ──
INSERT INTO "resource_worker" ("id", "project_id", "name", "role", "daily_wage", "phone", "address", "is_active", "joined_date", "created_at", "updated_at") VALUES ('efb2abdb-3035-5099-b989-063296c9edd1', 1, 'Anil Kumar Yadav', 'LABORER', 6000.00, '9841-131313', '', TRUE, '2026-05-02', '2026-05-02T00:00:00+00:00', '2026-05-02T00:00:00+00:00') ON CONFLICT DO NOTHING;
INSERT INTO "resource_worker" ("id", "project_id", "name", "role", "daily_wage", "phone", "address", "is_active", "joined_date", "created_at", "updated_at") VALUES ('8406606c-936f-5b64-be5f-54c189b66ef9', 1, 'Pratap Shrestha', 'LABORER', 800.00, '9841-999999', '', TRUE, '2026-05-02', '2026-05-02T00:00:00+00:00', '2026-05-02T00:00:00+00:00') ON CONFLICT DO NOTHING;
INSERT INTO "resource_worker" ("id", "project_id", "name", "role", "daily_wage", "phone", "address", "is_active", "joined_date", "created_at", "updated_at") VALUES ('ef537745-8925-56d9-aaf9-33485cd0cf9b', 1, 'Admin Local', 'LABORER', 0.00, '', '', TRUE, '2026-05-02', '2026-05-02T00:00:00+00:00', '2026-05-02T00:00:00+00:00') ON CONFLICT DO NOTHING;

-- ── resource.Material (0 rows) ──

-- ── resource.StockMovement (0 rows) ──

-- ── resource.Document (0 rows) ──

-- ── resource.WastageThreshold (0 rows) ──

-- ── resource.WastageAlert (0 rows) ──

-- ── permits.PermitStep (0 rows) ──

-- ── analytics.BudgetForecast (0 rows) ──

-- ── analytics.SupplierRateTrend (0 rows) ──

COMMIT;
