[{"model": "admin.logentry", "pk": 1, "fields": {"action_time": "2026-02-24T22:01:50.410Z", "user": 3, "content_type": 9, "object_id": "3", "object_repr": "jitu's Profile", "action_flag": 2, "change_message": "[{\"changed\": {\"fields\": [\"Avatar\"]}}]"}}, {"model": "sessions.session", "pk": "069qpi8yduv44ndfjsfghv6u3xqvag3m", "fields": {"session_data": ".eJxVjMsOwiAQRf-FtSFlKI9x6b7fQAYYpWogKe3K-O_apAvd3nPOfYlA21rC1nkJcxZnocXpd4uUHlx3kO9Ub02mVtdljnJX5EG7nFrm5-Vw_w4K9fKtzeDImqQRjMMxox9HhgjokoqsnQIm65QH46-kB2MzeUXomQgIrWXx_gC4MDcl:1vv0QN:Zc0jiqMDeX6qmqitZZ3DjQ3mgf8b_bu3wt2cShpGJeY", "expire_date": "2026-03-10T21:58:35.652Z"}}, {"model": "token_blacklist.outstandingtoken", "pk": 1, "fields": {"user": null, "jti": "95bbfd71740a4d519dce27babbd49005", "token": "eyJhbGciOiJIUzI1NiIsInR5cCI6IkpXVCJ9.eyJ0b2tlbl90eXBlIjoicmVmcmVzaCIsImV4cCI6MTc3MTkyNDU4MCwiaWF0IjoxNzcxODM4MTgwLCJqdGkiOiI5NWJiZmQ3MTc0MGE0ZDUxOWRjZTI3YmFiYmQ0OTAwNSIsInVzZXJfaWQiOjF9.nrm_sP0a68mYd7_t2IHVPxshDjHiYdsVzd3JpPusseo", "created_at": null, "expires_at": "2026-02-24T09:16:20Z"}}, {"model": "token_blacklist.outstandingtoken", "pk": 2, "fields": {"user": 3, "jti": "683a2ca30af14385a77b7716179818d4", "token": "eyJhbGciOiJIUzI1NiIsInR5cCI6IkpXVCJ9.eyJ0b2tlbl90eXBlIjoicmVmcmVzaCIsImV4cCI6MTc3MjA1NjY5NywiaWF0IjoxNzcxOTcwMjk3LCJqdGkiOiI2ODNhMmNhMzBhZjE0Mzg1YTc3Yjc3MTYxNzk4MThkNCIsInVzZXJfaWQiOjN9.ucmqmQhWO5i__wHiHT_xmAlr_FMvXFDbJzaDCyEvD_Y", "created_at": "2026-02-24T21:58:17.698Z", "expires_at": "2026-02-25T21:58:17Z"}}, {"model": "token_blacklist.outstandingtoken", "pk": 3, "fields": {"user": 3, "jti": "c11bd38b070c48c8a199f150ba51e654", "token": "eyJhbGciOiJIUzI1NiIsInR5cCI6IkpXVCJ9.eyJ0b2tlbl90eXBlIjoicmVmcmVzaCIsImV4cCI6MTc3MjE4NzI0NywiaWF0IjoxNzcyMTAwODQ3LCJqdGkiOiJjMTFiZDM4YjA3MGM0OGM4YTE5OWYxNTBiYTUxZTY1NCIsInVzZXJfaWQiOjN9.secG2uZ5XY3mV9EfObh2vxWVqoxHU7AFvymVT2MIC-s", "created_at": "2026-02-26T10:14:07.580Z", "expires_at": "2026-02-27T10:14:07Z"}}, {"model": "token_blacklist.blacklistedtoken", "pk": 1, "fields": {"token": 1, "blacklisted_at": "2026-02-23T22:39:17.686Z"}}, {"model": "accounts.user", "pk": 1, "fields": {"password": "pbkdf2_sha256$600000$8ywNnrupeRFHW2xqIKDFij$m0lQBelwi1DmiP9ORdlws8nfJ038NKVRHP6WryTI8BY=", "last_login": null, "is_superuser": true, "username": "admin", "first_name": "", "last_name": "", "is_staff": true, "is_active": true, "date_joined": "2026-02-23T22:35:23.983Z", "email": "admin@example.com", "role": "ADMIN", "groups": [], "user_permissions": []}}, {"model": "accounts.user", "pk": 2, "fields": {"password": "pbkdf2_sha256$600000$MajHcuzgyCllH1PyjLLdUC$egLLRgm0mbjkGKWRgW/ekVx1tlSDg8ZHl3Yl44esFWg=", "last_login": null, "is_superuser": false, "username": "testuser", "first_name": "", "last_name": "", "is_staff": false, "is_active": true, "date_joined": "2026-02-23T22:36:21.861Z", "email": "test@example.com", "role": "WORKER", "groups": [], "user_permissions": []}}, {"model": "accounts.user", "pk": 3, "fields": {"password": "pbkdf2_sha256$600000$VCELvAZOwfAwt8zD94GFsi$ceVoxbQe8JVR2nZyHLbVgV3UIrOPqUOlibo8m+A/jZQ=", "last_login": "2026-02-24T21:58:35.648Z", "is_superuser": true, "username": "jitu", "first_name": "jitendra", "last_name": "khadka", "is_staff": true, "is_active": true, "date_joined": "2026-02-24T21:58:09.832Z", "email": "jitu@gmail.com", "role": "ADMIN", "groups": [], "user_permissions": []}}, {"model": "accounts.profile", "pk": 1, "fields": {"user": 1, "bio": "", "avatar": "", "phone_number": "", "address": "", "preferred_language": "en", "notifications_enabled": true}}, {"model": "accounts.profile", "pk": 2, "fields": {"user": 2, "bio": "", "avatar": "", "phone_number": "", "address": "", "preferred_language": "en", "notifications_enabled": true}}, {"model": "accounts.profile", "pk": 3, "fields": {"user": 3, "bio": "", "avatar": "avatars/Copilot_20250601_220345.png", "phone_number": "86853535353", "address": "Nepal", "preferred_language": "np", "notifications_enabled": true}}, {"model": "core.houseproject", "pk": 1, "fields": {"name": "Adarsha Niwas (आदर्श निवास)", "owner_name": "Jitendra Khadka", "address": "Budhanilkantha, Kathmandu", "total_budget": "15000000.00", "start_date": "2025-12-01", "expected_completion_date": "2027-06-30", "area_sqft": 2400, "created_at": "2026-02-23T22:35:24.828Z", "updated_at": "2026-02-23T22:35:24.828Z"}}, {"model": "core.constructionphase", "pk": 1, "fields": {"name": "Land Prep & Excavation (जग खन्ने)", "start_date": null, "end_date": null, "status": "COMPLETED", "order": 1, "description": "", "estimated_budget": "800000.00", "permit_required": false, "permit_status": "NOT_REQUIRED", "permit_date_issued": null, "permit_notes": "", "naksa_file": "", "structure_design": "", "completion_photo": ""}}, {"model": "core.constructionphase", "pk": 2, "fields": {"name": "Foundation & DPC (जग र डी.पी.सी)", "start_date": null, "end_date": null, "status": "COMPLETED", "order": 2, "description": "", "estimated_budget": "1500000.00", "permit_required": false, "permit_status": "NOT_REQUIRED", "permit_date_issued": null, "permit_notes": "", "naksa_file": "", "structure_design": "", "completion_photo": ""}}, {"model": "core.constructionphase", "pk": 3, "fields": {"name": "Ground Floor Pillars (पिलर ठड्याउने)", "start_date": null, "end_date": null, "status": "IN_PROGRESS", "order": 3, "description": "", "estimated_budget": "1200000.00", "permit_required": false, "permit_status": "NOT_REQUIRED", "permit_date_issued": null, "permit_notes": "", "naksa_file": "", "structure_design": "", "completion_photo": ""}}, {"model": "core.constructionphase", "pk": 4, "fields": {"name": "Brickwork & Lintel (गारो र लिन्टेल)", "start_date": null, "end_date": null, "status": "PENDING", "order": 4, "description": "", "estimated_budget": "1000000.00", "permit_required": false, "permit_status": "NOT_REQUIRED", "permit_date_issued": null, "permit_notes": "", "naksa_file": "", "structure_design": "", "completion_photo": ""}}, {"model": "core.constructionphase", "pk": 5, "fields": {"name": "First Floor Slab (ढलान)", "start_date": null, "end_date": null, "status": "PENDING", "order": 5, "description": "", "estimated_budget": "1800000.00", "permit_required": false, "permit_status": "NOT_REQUIRED", "permit_date_issued": null, "permit_notes": "", "naksa_file": "", "structure_design": "", "completion_photo": ""}}, {"model": "core.constructionphase", "pk": 6, "fields": {"name": "Plaster & Finishing (प्लास्टर र फिनिसिङ)", "start_date": null, "end_date": null, "status": "PENDING", "order": 6, "description": "", "estimated_budget": "4000000.00", "permit_required": false, "permit_status": "NOT_REQUIRED", "permit_date_issued": null, "permit_notes": "", "naksa_file": "", "structure_design": "", "completion_photo": ""}}, {"model": "core.floor", "pk": 1, "fields": {"name": "Ground Floor (भुइँ तल्ला)", "level": 0, "image": "", "created_at": "2026-02-23T22:35:24.834Z", "updated_at": "2026-02-23T22:35:24.834Z"}}, {"model": "core.floor", "pk": 2, "fields": {"name": "First Floor (पहिलो तल्ला)", "level": 1, "image": "", "created_at": "2026-02-23T22:35:24.835Z", "updated_at": "2026-02-23T22:35:24.835Z"}}, {"model": "core.floor", "pk": 3, "fields": {"name": "Second Floor / Roof (दोस्रो तल्ला)", "level": 2, "image": "", "created_at": "2026-02-23T22:35:24.836Z", "updated_at": "2026-02-23T22:35:24.836Z"}}, {"model": "core.room", "pk": 1, "fields": {"name": "Baithak (Sitting Room)", "floor": 1, "area_sqft": null, "status": "IN_PROGRESS", "budget_allocation": "0.00"}}, {"model": "core.room", "pk": 2, "fields": {"name": "Kitchen (भान्छा)", "floor": 1, "area_sqft": null, "status": "NOT_STARTED", "budget_allocation": "0.00"}}, {"model": "core.room", "pk": 3, "fields": {"name": "Master Bed", "floor": 2, "area_sqft": null, "status": "NOT_STARTED", "budget_allocation": "0.00"}}, {"model": "finance.budgetcategory", "pk": 2, "fields": {"name": "Civil Works & Structure (जग र संरचना)", "description": "Foundation, Pillars, Beams, Slabs, Bricks, Cement, Sand, Aggregates", "allocation": "7500000.00"}}, {"model": "finance.budgetcategory", "pk": 3, "fields": {"name": "Finishing & Interior (फिनिसिङ)", "description": "Tiles, Marble, Asian Paints, Woodwork, UPVC, Putty", "allocation": "4000000.00"}}, {"model": "finance.budgetcategory", "pk": 4, "fields": {"name": "MEP: Electrical & Plumbing (बिजुली र प्लम्बिङ)", "description": "Wiring, PPR/CPVC Piping, Sanitary items", "allocation": "1500000.00"}}, {"model": "finance.budgetcategory", "pk": 5, "fields": {"name": "Labor & Wages (ज्यामी र मिस्त्री खर्च)", "description": "Mistry and Labor wages for all phases", "allocation": "1500000.00"}}, {"model": "finance.budgetcategory", "pk": 6, "fields": {"name": "Consulting & Permits (नक्सा र अनुमति)", "description": "Map approval, Engineering fees, Structural audit", "allocation": "500000.00"}}, {"model": "finance.expense", "pk": 2, "fields": {"title": "Purchase: 1000 Bora (Sack) OPC Cement (Arghakhanchi/अर्घाखाँची)", "amount": "780000.00", "expense_type": "MATERIAL", "category": 2, "phase": null, "material": 1, "quantity": "1000.00", "unit_price": "780.00", "supplier": 1, "contractor": null, "funding_source": 2, "date": "2026-01-29", "paid_to": "Sherpa Material Suppliers (शेर्पा निर्माण सामग्री)", "is_paid": true, "receipt": null, "notes": "Auto-generated from Material Transaction", "created_at": "2026-02-23T22:35:24.853Z"}}, {"model": "finance.expense", "pk": 3, "fields": {"title": "Purchase: 8000 Kilograms (Kg) TMT Rebar (Panchakanya/पञ्चकन्या)", "amount": "840000.00", "expense_type": "MATERIAL", "category": 2, "phase": null, "material": 2, "quantity": "8000.00", "unit_price": "105.00", "supplier": 2, "contractor": null, "funding_source": 2, "date": "2026-01-29", "paid_to": "Panchakanya Steel Center (पञ्चकन्या स्टिल)", "is_paid": true, "receipt": null, "notes": "Auto-generated from Material Transaction", "created_at": "2026-02-23T22:35:24.859Z"}}, {"model": "finance.expense", "pk": 4, "fields": {"title": "Purchase: 30000 Pieces Bricks (नम्बर १ इँटा)", "amount": "555000.00", "expense_type": "MATERIAL", "category": 2, "phase": null, "material": 3, "quantity": "30000.00", "unit_price": "18.50", "supplier": 5, "contractor": null, "funding_source": 3, "date": "2026-01-29", "paid_to": "Om Brick Udhyog (ओम इँटा उद्योग)", "is_paid": true, "receipt": null, "notes": "Auto-generated from Material Transaction", "created_at": "2026-02-23T22:35:24.864Z"}}, {"model": "finance.expense", "pk": 5, "fields": {"title": "Master Mistry: Contract Installment 1", "amount": "250000.00", "expense_type": "LABOR", "category": 5, "phase": null, "material": null, "quantity": null, "unit_price": null, "supplier": null, "contractor": 1, "funding_source": 2, "date": "2026-02-08", "paid_to": "Ram Bahadur (Master Mistry)", "is_paid": true, "receipt": null, "notes": "", "created_at": "2026-02-23T22:35:24.869Z"}}, {"model": "finance.expense", "pk": 6, "fields": {"title": "Municipal Map Approval Fees", "amount": "180000.00", "expense_type": "FEES", "category": 6, "phase": null, "material": null, "quantity": null, "unit_price": null, "supplier": null, "contractor": null, "funding_source": 3, "date": "2026-02-08", "paid_to": "Kathmandu Metropolitan City", "is_paid": true, "receipt": null, "notes": "", "created_at": "2026-02-23T22:35:24.872Z"}}, {"model": "finance.payment", "pk": 2, "fields": {"expense": 2, "funding_source": null, "amount": "780000.00", "date": "2026-01-29", "method": "BANK_TRANSFER", "reference_id": "IPS-1543"}}, {"model": "finance.payment", "pk": 3, "fields": {"expense": 3, "funding_source": null, "amount": "840000.00", "date": "2026-01-29", "method": "BANK_TRANSFER", "reference_id": "IPS-2826"}}, {"model": "finance.payment", "pk": 4, "fields": {"expense": 4, "funding_source": null, "amount": "555000.00", "date": "2026-01-29", "method": "CASH", "reference_id": "IPS-3235"}}, {"model": "finance.payment", "pk": 5, "fields": {"expense": 5, "funding_source": null, "amount": "250000.00", "date": "2026-02-08", "method": "BANK_TRANSFER", "reference_id": "REF-FIN"}}, {"model": "finance.payment", "pk": 6, "fields": {"expense": 6, "funding_source": null, "amount": "180000.00", "date": "2026-02-08", "method": "CASH", "reference_id": "REF-FIN"}}, {"model": "finance.fundingsource", "pk": 2, "fields": {"name": "Nabil Bank Home Loan (नबिल बैंक)", "source_type": "LOAN", "amount": "10000000.00", "current_balance": "8130000.00", "default_payment_method": "BANK_TRANSFER", "interest_rate": "0.00", "received_date": "2026-01-01", "notes": "", "created_at": "2026-02-23T22:35:24.850Z", "updated_at": "2026-02-23T22:35:24.871Z"}}, {"model": "finance.fundingsource", "pk": 3, "fields": {"name": "Personal Savings (व्यक्तिगत बचत)", "source_type": "OWN_MONEY", "amount": "5000000.00", "current_balance": "4265000.00", "default_payment_method": "CASH", "interest_rate": "0.00", "received_date": "2025-12-01", "notes": "", "created_at": "2026-02-23T22:35:24.851Z", "updated_at": "2026-02-23T22:35:24.874Z"}}, {"model": "finance.fundingtransaction", "pk": 4, "fields": {"funding_source": 2, "amount": "10000000.00", "transaction_type": "CREDIT", "date": "2026-01-01", "description": "Initial Funding Allocation", "payment": null, "created_at": "2026-02-23T22:35:24.851Z"}}, {"model": "finance.fundingtransaction", "pk": 5, "fields": {"funding_source": 3, "amount": "5000000.00", "transaction_type": "CREDIT", "date": "2025-12-01", "description": "Initial Funding Allocation", "payment": null, "created_at": "2026-02-23T22:35:24.852Z"}}, {"model": "finance.fundingtransaction", "pk": 6, "fields": {"funding_source": 2, "amount": "780000.00", "transaction_type": "DEBIT", "date": "2026-01-29", "description": "Payment for: Purchase: 1000 Bora (Sack) OPC Cement (Arghakhanchi/अर्घाखाँची)", "payment": 2, "created_at": "2026-02-23T22:35:24.857Z"}}, {"model": "finance.fundingtransaction", "pk": 7, "fields": {"funding_source": 2, "amount": "840000.00", "transaction_type": "DEBIT", "date": "2026-01-29", "description": "Payment for: Purchase: 8000 Kilograms (Kg) TMT Rebar (Panchakanya/पञ्चकन्या)", "payment": 3, "created_at": "2026-02-23T22:35:24.862Z"}}, {"model": "finance.fundingtransaction", "pk": 8, "fields": {"funding_source": 3, "amount": "555000.00", "transaction_type": "DEBIT", "date": "2026-01-29", "description": "Payment for: Purchase: 30000 Pieces Bricks (नम्बर १ इँटा)", "payment": 4, "created_at": "2026-02-23T22:35:24.867Z"}}, {"model": "finance.fundingtransaction", "pk": 9, "fields": {"funding_source": 2, "amount": "250000.00", "transaction_type": "DEBIT", "date": "2026-02-08", "description": "Payment for: Master Mistry: Contract Installment 1", "payment": 5, "created_at": "2026-02-23T22:35:24.870Z"}}, {"model": "finance.fundingtransaction", "pk": 10, "fields": {"funding_source": 3, "amount": "180000.00", "transaction_type": "DEBIT", "date": "2026-02-08", "description": "Payment for: Municipal Map Approval Fees", "payment": 6, "created_at": "2026-02-23T22:35:24.874Z"}}, {"model": "resources.supplier", "pk": 1, "fields": {"name": "Sherpa Material Suppliers (शेर्पा निर्माण सामग्री)", "contact_person": "", "phone": "9851000000", "email": "", "address": "Bouddha", "category": "Civil", "pan_number": "", "bank_name": "", "account_number": "", "branch": "", "is_active": true, "created_at": "2026-02-23T22:35:24.842Z"}}, {"model": "resources.supplier", "pk": 2, "fields": {"name": "Panchakanya Steel Center (पञ्चकन्या स्टिल)", "contact_person": "", "phone": "9801000000", "email": "", "address": "Teku", "category": "Steel", "pan_number": "", "bank_name": "", "account_number": "", "branch": "", "is_active": true, "created_at": "2026-02-23T22:35:24.843Z"}}, {"model": "resources.supplier", "pk": 3, "fields": {"name": "Shine Electricals (शाइन इलेक्ट्रिकल्स)", "contact_person": "", "phone": "9841000000", "email": "", "address": "Putalisadak", "category": "Electrical", "pan_number": "", "bank_name": "", "account_number": "", "branch": "", "is_active": true, "created_at": "2026-02-23T22:35:24.843Z"}}, {"model": "resources.supplier", "pk": 4, "fields": {"name": "Mangalam Hygiene (मङ्गलम हाइजिन)", "contact_person": "", "phone": "9812000000", "email": "", "address": "Balkhu", "category": "Plumbing", "pan_number": "", "bank_name": "", "account_number": "", "branch": "", "is_active": true, "created_at": "2026-02-23T22:35:24.844Z"}}, {"model": "resources.supplier", "pk": 5, "fields": {"name": "Om Brick Udhyog (ओम इँटा उद्योग)", "contact_person": "", "phone": "9851234567", "email": "", "address": "Bhaktapur", "category": "Bricks", "pan_number": "", "bank_name": "", "account_number": "", "branch": "", "is_active": true, "created_at": "2026-02-23T22:35:24.845Z"}}, {"model": "resources.supplier", "pk": 6, "fields": {"name": "National Marble & Granite", "contact_person": "", "phone": "9811223344", "email": "", "address": "Kalanki", "category": "Finishing", "pan_number": "", "bank_name": "", "account_number": "", "branch": "", "is_active": true, "created_at": "2026-02-23T22:35:24.845Z"}}, {"model": "resources.contractor", "pk": 1, "fields": {"name": "Ram Bahadur (Master Mistry)", "role": "MISTRI", "phone": "9812345678", "email": "", "address": "", "citizenship_number": "", "bank_details": "", "skills": "Masonry, Structure", "rate": null, "is_active": true, "joined_date": "2026-02-23"}}, {"model": "resources.contractor", "pk": 2, "fields": {"name": "Krishna & Sons Plumbing", "role": "PLUMBER", "phone": "9808887776", "email": "", "address": "", "citizenship_number": "", "bank_details": "", "skills": "PPR/CPVC", "rate": null, "is_active": true, "joined_date": "2026-02-23"}}, {"model": "resources.material", "pk": 1, "fields": {"name": "OPC Cement (Arghakhanchi/अर्घाखाँची)", "category": "Civil", "unit": "BORA", "supplier": null, "budget_category": 2, "image": "", "quantity_estimated": "1500.00", "quantity_purchased": "1000.00", "quantity_used": "600.00", "current_stock": "400.00", "min_stock_level": "50.00", "avg_cost_per_unit": "780.00"}}, {"model": "resources.material", "pk": 2, "fields": {"name": "TMT Rebar (Panchakanya/पञ्चकन्या)", "category": "Steel", "unit": "KG", "supplier": null, "budget_category": 2, "image": "", "quantity_estimated": "10000.00", "quantity_purchased": "8000.00", "quantity_used": "5000.00", "current_stock": "3000.00", "min_stock_level": "500.00", "avg_cost_per_unit": "105.00"}}, {"model": "resources.material", "pk": 3, "fields": {"name": "Bricks (नम्बर १ इँटा)", "category": "Civil", "unit": "PCS", "supplier": null, "budget_category": 2, "image": "", "quantity_estimated": "50000.00", "quantity_purchased": "30000.00", "quantity_used": "0.00", "current_stock": "30000.00", "min_stock_level": "5000.00", "avg_cost_per_unit": "18.50"}}, {"model": "resources.material", "pk": 4, "fields": {"name": "PPR Pipe (20mm Mangalam)", "category": "Plumbing", "unit": "PCS", "supplier": null, "budget_category": 4, "image": "", "quantity_estimated": "200.00", "quantity_purchased": "0.00", "quantity_used": "0.00", "current_stock": "0.00", "min_stock_level": "20.00", "avg_cost_per_unit": null}}, {"model": "resources.materialtransaction", "pk": 1, "fields": {"material": 1, "transaction_type": "IN", "status": "RECEIVED", "quantity": "1000.00", "unit_price": "780.00", "date": "2026-01-29", "supplier": 1, "expense": 2, "funding_source": 2, "room": null, "purpose": "Phase 1 Structure", "notes": "Foundation & Pillars Bulk Order", "create_expense": true, "created_at": "2026-02-23T22:35:24.855Z"}}, {"model": "resources.materialtransaction", "pk": 2, "fields": {"material": 2, "transaction_type": "IN", "status": "RECEIVED", "quantity": "8000.00", "unit_price": "105.00", "date": "2026-01-29", "supplier": 2, "expense": 3, "funding_source": 2, "room": null, "purpose": "Phase 1 Structure", "notes": "Structural Steel - All Floors", "create_expense": true, "created_at": "2026-02-23T22:35:24.861Z"}}, {"model": "resources.materialtransaction", "pk": 3, "fields": {"material": 3, "transaction_type": "IN", "status": "RECEIVED", "quantity": "30000.00", "unit_price": "18.50", "date": "2026-01-29", "supplier": 5, "expense": 4, "funding_source": 3, "room": null, "purpose": "Phase 1 Structure", "notes": "Main Structure Bricks", "create_expense": true, "created_at": "2026-02-23T22:35:24.866Z"}}, {"model": "resources.materialtransaction", "pk": 4, "fields": {"material": 1, "transaction_type": "OUT", "status": "RECEIVED", "quantity": "600.00", "unit_price": null, "date": "2026-02-18", "supplier": null, "expense": null, "funding_source": null, "room": null, "purpose": "First Floor Casting", "notes": "Usage verified by supervisor", "create_expense": true, "created_at": "2026-02-23T22:35:24.876Z"}}, {"model": "resources.materialtransaction", "pk": 5, "fields": {"material": 2, "transaction_type": "OUT", "status": "RECEIVED", "quantity": "5000.00", "unit_price": null, "date": "2026-02-18", "supplier": null, "expense": null, "funding_source": null, "room": null, "purpose": "Structural Binding", "notes": "Usage verified by supervisor", "create_expense": true, "created_at": "2026-02-23T22:35:24.878Z"}}, {"model": "estimator.constructionrate", "pk": 1, "fields": {"key": "CEMENT", "label": "Cement (OPC/PPC)", "value": "750.00", "unit": "Bag", "category": "MATERIAL", "updated_at": "2026-02-23T22:35:25.223Z"}}, {"model": "estimator.constructionrate", "pk": 2, "fields": {"key": "SAND", "label": "River Sand (Baluwa)", "value": "90.00", "unit": "Cft", "category": "MATERIAL", "updated_at": "2026-02-23T22:35:25.225Z"}}, {"model": "estimator.constructionrate", "pk": 3, "fields": {"key": "AGGREGATE", "label": "Aggregates (Gitti)", "value": "105.00", "unit": "Cft", "category": "MATERIAL", "updated_at": "2026-02-23T22:35:25.226Z"}}, {"model": "estimator.constructionrate", "pk": 4, "fields": {"key": "BRICK", "label": "Bricks (First Class)", "value": "17.50", "unit": "Pcs", "category": "MATERIAL", "updated_at": "2026-02-23T22:35:25.227Z"}}, {"model": "estimator.constructionrate", "pk": 5, "fields": {"key": "ROD", "label": "Steel Rod (TMT)", "value": "102.00", "unit": "Kg", "category": "MATERIAL", "updated_at": "2026-02-23T22:35:25.228Z"}}, {"model": "estimator.constructionrate", "pk": 6, "fields": {"key": "LABOR_CIVIL", "label": "Civil Work Labor", "value": "480.00", "unit": "Sq.Ft", "category": "LABOR", "updated_at": "2026-02-23T22:35:25.229Z"}}, {"model": "estimator.constructionrate", "pk": 7, "fields": {"key": "LABOR_MEP", "label": "MEP (Fitting) Labor", "value": "180.00", "unit": "Sq.Ft", "category": "LABOR", "updated_at": "2026-02-23T22:35:25.231Z"}}, {"model": "estimator.constructionrate", "pk": 8, "fields": {"key": "LABOR_FINISH", "label": "Finishing Labor", "value": "250.00", "unit": "Sq.Ft", "category": "LABOR", "updated_at": "2026-02-23T22:35:25.232Z"}}, {"model": "estimator.constructionrate", "pk": 9, "fields": {"key": "PAINT_SQFT", "label": "Painting Material", "value": "45.00", "unit": "Sq.Ft", "category": "MATERIAL", "updated_at": "2026-02-23T22:35:25.233Z"}}, {"model": "estimator.constructionrate", "pk": 10, "fields": {"key": "TILE_SQFT", "label": "Tiling Material", "value": "180.00", "unit": "Sq.Ft", "category": "MATERIAL", "updated_at": "2026-02-23T22:35:25.234Z"}}]